sample_id,category,defect,severity,grade
89e051d7-f523-4017-9896-6a277b931099,jeans,none,0.0,A
50cecad5-716e-4586-9349-d07990ddd0a9,jeans,none,0.0,A
6845146b-b3c1-4ad9-a56a-b87217c3e2ae,jeans,none,0.0,A
b5ea440c-2c68-4490-9e48-e21744c30e17,jeans,none,0.0,A
153e6cbe-c866-4739-b536-2e6d36d9a064,jeans,none,0.0,A
16ba37e5-9f70-453c-a929-4a2b165d26d5,jeans,none,0.0,A
172cabd0-ee3e-4f68-8322-42a4e07816b7,jeans,none,0.0,A
dbe0a533-9d92-498d-bbe3-4d022d6b42a8,jeans,none,0.0,A
5268b11f-5934-4290-b01e-6862dd045007,jeans,none,0.0,A
26873966-2f2c-4024-9a53-e94f0c532af3,jeans,none,0.0,A
757016f4-a884-4f32-95ce-cf8b840cbe9e,jeans,none,0.0,A
5ed9a058-42ff-47fd-adcd-e65cc179ea7c,jeans,none,0.0,A
64681bbc-f4fc-4f34-bb7f-b3b90ff05592,jeans,none,0.0,A
1f6d31fd-617a-47de-ace6-c65298bb1fba,jeans,none,0.0,A
96e79402-ef2b-4389-a8ef-c78f4a87a993,jeans,none,0.0,A
09582363-4bf4-483e-ad8a-7fc953bcd30a,jeans,none,0.0,A
6c81007d-a99d-4a18-b708-4ac5ee74639b,jeans,none,0.0,A
731815d6-a106-4d09-bda6-e2d8f54bea08,jeans,none,0.0,A
2991039c-63c0-44c1-9e08-a06b60b7ccbc,jeans,none,0.0,A
4ae8e74a-cbb1-4d6d-b3a7-1a86874f6c29,jeans,none,0.0,A
3385a677-1b8f-42cd-9fdc-7ed6b5c89c7e,jeans,stain,0.744,D
5ebded9c-dd35-4ea7-b75c-9846af1c72b8,jeans,stain,0.406,C
b82d2b31-210d-42f4-9ebc-2405bcb4cb2c,jeans,stain,0.187,B
da696adb-3cc5-4ea5-8a65-3c6b463a1519,jeans,stain,0.976,D
63f5b05a-88f1-42de-ad6f-ecb07ba8a428,jeans,stain,0.734,D
9bc8f7bc-7d00-43f4-82cf-c5d0d2c0b5b5,jeans,stain,0.442,C
4b41e6be-6a0b-4af7-8243-a282c870cbc2,jeans,stain,0.703,D
b11997f8-57f7-4377-8ea2-9c6c6c7d2403,jeans,stain,0.442,C
38844845-8a56-4b43-9c86-9fc934cbf486,jeans,stain,0.825,D
c57856f0-17dc-48a3-a1bf-2e4671e99099,jeans,stain,0.69,C
f41ee795-b8d2-4406-ac3d-eb39bf2df5f1,jeans,stain,0.322,B
6da623df-879d-4b46-8494-98d11ee59c3b,jeans,stain,0.297,B
58e1868e-bf25-48b0-a958-f6179f28c18c,jeans,stain,0.665,C
90ad4aaa-f2ef-4472-8080-bc247c8d5420,jeans,stain,0.974,D
dbdf0273-f187-43f8-9205-4d305397721d,jeans,stain,0.792,D
bbdb4c49-7efb-43ed-a420-245532bb3cea,jeans,stain,0.975,D
47bdfa77-ce51-43dd-8bde-2a9a669f768f,jeans,stain,0.279,B
6cf7e64c-3e6a-49ef-b454-0fc4549a1636,jeans,stain,0.392,B
117c56c9-70c1-4633-87a4-25c78d2975ee,jeans,stain,0.317,B
325bb0cf-c384-4243-9d42-efbe52bd1ae0,jeans,stain,0.216,B
448e3bf1-ace4-4cba-8b47-7e222fc8ea8f,jeans,stain,0.968,D
e64daa1c-24f2-4633-b371-f05f0527befa,jeans,stain,0.494,C
62351a73-e9c6-4b1d-ae86-983600042bd1,jeans,stain,0.599,C
32282d91-e7ec-491f-848f-be5e04a6074e,jeans,stain,0.915,D
2aa1c92c-e742-4bdd-a7ac-7c6d0c048341,jeans,stain,0.219,B
d378564f-1d08-4ab8-afe3-00c78cc5ddd0,jeans,stain,0.187,B
0339666c-825d-4bdc-b80e-dd5d4bcb13ab,jeans,stain,0.155,B
35eb8ed8-a612-48ff-9680-651e39b02034,jeans,stain,0.504,C
cf377754-73a1-4c58-87cd-f418d2938a2a,jeans,stain,0.188,B
2c2ea393-723a-42f6-a918-5543522813f1,jeans,stain,0.537,C
c80d937e-da28-4bc2-89c1-4b55e01dd951,jeans,stain,0.987,D
6def4c26-09b8-4eba-a07c-9b52b301f6b7,jeans,stain,0.696,C
871d1240-5096-40b1-931c-12ca0bd4decf,jeans,stain,0.155,B
7916540c-a01f-4ce2-8aec-7c7d41c1f16d,jeans,stain,0.151,B
80e808a6-d1b9-4b10-b3a5-b5ea047df1ac,jeans,stain,0.208,B
989cfd32-2353-4c28-a552-5d0b34e33b13,jeans,stain,0.609,C
4150b4b0-62e2-45a4-9845-c2ff5c30369f,jeans,stain,0.456,C
aaa46eab-f587-4352-89d4-9ea35d4e18ae,jeans,stain,0.659,C
1cd6af31-1d49-49de-a340-33c6605eb0cc,jeans,stain,0.893,D
398e4dbd-3880-4a63-a608-68f7be442265,jeans,stain,0.985,D
c29830c5-4aac-45d4-a360-7c6633a63227,jeans,dirt,0.945,D
3b5af9b1-bb4f-4b73-868b-0c0f73e6e605,jeans,dirt,0.354,B
1a96356a-dbdf-40d8-9320-d27a1395d43e,jeans,dirt,0.326,B
cb701f4f-56a1-4fd6-98f5-cf41b5ea2a89,jeans,dirt,0.4,C
95377f95-9669-43ab-a04d-0e1fe18f3428,jeans,dirt,0.605,C
307e930d-eef8-4aca-84af-9c008330c670,jeans,dirt,0.851,D
c5a47d79-de79-4b2a-83a4-eadef0ac443b,jeans,dirt,0.289,B
4d600b8c-282f-48f2-801a-05a572204f5e,jeans,dirt,0.775,D
720bd08e-c9a8-4f9b-a91a-f02990a08809,jeans,dirt,0.261,B
0e81b937-205e-4138-a5cd-99c95bcde779,jeans,dirt,0.809,D
0cd7d0d9-7790-47a1-92b1-fb0a2e559113,jeans,dirt,0.835,D
d53bb69a-c257-4f0a-a205-6a9fe5183d7d,jeans,dirt,0.694,C
208dca58-9197-4450-b476-6e32e7c99390,jeans,dirt,0.46,C
284f575a-6be5-407a-8b1a-e00a0db5aa96,jeans,dirt,0.966,D
04bcf04b-ee4e-442b-a6f7-a518e9a1fd49,jeans,dirt,0.646,C
ae48d47b-dd8f-49f8-b819-fbbaa89d8072,jeans,dirt,0.102,B
ad839150-48d9-49f4-a703-457c9b737fbc,jeans,dirt,0.383,B
40a5cc4d-b645-4c8c-87fd-5d402a937a37,jeans,dirt,0.462,C
71292e86-153a-4281-8bb9-c5e75d3321c3,jeans,dirt,0.612,C
56d36282-a32b-4c1d-8a9a-460fb1b49112,jeans,dirt,0.807,D
3a822f99-82f5-4a13-ba17-546e80383ab1,jeans,dirt,0.814,D
ab78ee5a-b9c0-45ca-8937-eb9070223775,jeans,dirt,0.706,D
00b49bc3-a694-482d-a045-2e2cad8e5df1,jeans,dirt,0.65,C
f9762710-38e3-4c0c-acbb-bfa15131c2b7,jeans,dirt,0.545,C
a8dfa531-2355-4302-b39a-5800c4d84bb5,jeans,dirt,0.258,B
b0ebab30-95a4-45c8-8fa3-bc69f4266df6,jeans,dirt,0.821,D
8aa08457-84dd-4157-9c0b-16c767b5bab7,jeans,dirt,0.484,C
fe4b9a65-0541-4c01-80b8-04dc0d5c78e9,jeans,dirt,0.777,D
b8a9d661-28d1-4737-bf46-9088f1432e7f,jeans,dirt,0.17,B
97e2ea06-77f0-470a-b0bc-944609052c55,jeans,dirt,0.236,B
cf2e972d-e655-4d70-861f-727a0b5b4fab,jeans,dirt,0.398,B
bf2aac4e-27f3-4abc-ac40-e62503e4f72b,jeans,dirt,0.951,D
a37a2d1c-995a-4643-92ee-e5e24f628aa2,jeans,dirt,0.948,D
4f5de1ba-82b4-4a0b-bb15-a8770e1f916f,jeans,dirt,0.584,C
2d5b5695-6bb1-4bbf-9977-6c768c9e5c3d,jeans,dirt,0.403,C
434578cc-3717-4681-b742-ff1e9c0e522f,jeans,dirt,0.916,D
eada6913-2569-4469-840f-c32fe057e4bc,jeans,dirt,0.334,B
5c02820f-5432-46fa-93c7-ac1b2c38b8db,jeans,dirt,0.327,B
b6dcbb96-a5d4-4298-af0d-0f0517286e51,jeans,dirt,0.685,C
9a506340-3f7a-4e37-a546-959feea8f3b9,jeans,dirt,0.237,B
cb2892d0-e264-482a-a73e-d3cd3e2b2008,jeans,tear,0.79,D
0926f807-b4f8-405f-87dc-07d373fc3a41,jeans,tear,0.197,B
376f6a1d-4734-4f7b-96b2-c01df80f6635,jeans,tear,0.168,B
78cce8ab-bc7c-4111-bba2-d0e76d3dfbce,jeans,tear,0.817,D
1eaa9b30-5777-4947-b904-e9eb6b8233de,jeans,tear,0.683,C
e6276962-6cdb-4c35-96c1-6cfe69d9b4fb,jeans,tear,0.672,C
07a6e86d-5b0f-4ddf-b377-487553c974be,jeans,tear,0.827,D
09440226-9b39-4710-b9b1-6d211bacac28,jeans,tear,0.848,D
a23dacd5-4435-4201-a9bf-16638c321330,jeans,tear,0.701,D
2f097727-e80d-4636-a236-88ff69460d47,jeans,tear,0.419,C
a2102a2f-0854-4e51-ac2c-1c2b9ed32462,jeans,tear,0.565,C
f58afc3b-6438-4c10-88a8-d602741834e2,jeans,tear,0.722,D
2480f11a-b9a0-48b0-9e52-8f16d7443802,jeans,tear,0.723,D
f9c12e42-cd75-4a0c-9a98-5e75d23cce2a,jeans,tear,0.997,D
f0c1dec8-f02f-4e4b-989a-2927ff670319,jeans,tear,0.209,B
5164d6ce-42a6-455e-9ea4-74184f20222e,jeans,tear,0.765,D
59e079cc-bb78-4275-ba67-6208859e925f,jeans,tear,0.849,D
e04cd98e-ad4b-4bc7-a116-49311e6dafc6,jeans,tear,0.347,B
421884d9-0317-4d1a-8984-c541f8b1beaf,jeans,tear,0.885,D
ade4a766-9774-46ac-90eb-a5dc9638a17c,jeans,tear,0.947,D
b765c3fa-738f-4ad1-abad-1465b0cfd8aa,jeans,tear,0.667,C
7f4bd678-6d76-49fe-9a08-a77a92e818f8,jeans,tear,0.207,B
92357a9a-b0e7-4b69-8a08-67cccfa6d9ed,jeans,tear,0.505,C
c79308e1-66db-4f70-abeb-80cec5d88813,jeans,tear,0.659,C
6ca67520-40a2-49ad-9860-a72526719ff1,jeans,tear,0.241,B
d8c8f8eb-b3eb-4fbd-8df0-8470fb8def1a,jeans,tear,0.523,C
4dbecbd7-a1c6-434d-8477-d446b31e92b8,jeans,tear,0.932,D
4e0fb467-5ac7-4502-b10d-8cd483a8879e,jeans,tear,0.164,B
434d81d1-c5c8-4ace-9999-59d8024e6ff0,jeans,tear,0.212,B
e31f29ef-755a-48d0-9881-3601e76af50a,jeans,tear,0.494,C
5ad3b338-0456-4bce-8b0a-b53814391ea9,jeans,tear,0.306,B
ea2da525-4e05-45b5-81c2-d802732ecf14,jeans,tear,0.787,D
ffbb8c33-669f-4a7a-adf2-65e957972cfc,jeans,tear,0.492,C
2660d4f8-6979-43ea-addf-a18e94c8e6b3,jeans,tear,0.703,D
f7ffb11a-3876-4384-bd98-bc78ceaea188,jeans,tear,0.133,B
f59128d2-3a33-474f-a281-3611691b87c7,jeans,tear,0.692,C
41c37e43-5a44-4c08-8604-e51200e6f61b,jeans,tear,0.784,D
1d7f3bc8-b5a9-4acf-b256-793f62d7e8a5,jeans,tear,0.209,B
6fb4671d-2387-46de-8703-d602d0115134,jeans,tear,0.184,B
47f785de-17cb-4d8c-9b48-e5b5dde52197,jeans,tear,0.558,C
2b4afb7e-aa8b-44df-b242-cd15111ec8e2,jeans,hole,0.596,C
d73ce608-cac4-4977-84ee-547556e3453f,jeans,hole,0.795,D
bdf679d3-c3e1-420a-9959-cf72e2dc44c2,jeans,hole,0.753,D
5061865b-a662-4c14-9815-b188a1b793fb,jeans,hole,0.597,C
fa54aa48-f0a9-4cd4-9843-d7dd4f1a9330,jeans,hole,0.445,C
5a060ac6-9f65-4d7c-b648-c6996114d6b1,jeans,hole,0.546,C
9979df04-5085-49f5-ad11-d5a6b1bcc3ad,jeans,hole,0.19,B
bc5da650-909e-457f-9c3f-092af23242d6,jeans,hole,0.523,C
977dcf7d-e575-4db2-9876-19b64e1705d2,jeans,hole,0.442,C
55fcc3fc-0512-412e-bbea-fde4152550fb,jeans,hole,0.656,C
786b5373-b934-435f-91ed-5395823a6a2c,jeans,hole,0.981,D
4c0674c7-e8bd-44a5-a4c7-4207bb10a754,jeans,hole,0.817,D
efff0a2c-056e-4b1d-866d-e25e136e5c27,jeans,hole,0.609,C
6d95ae38-21ef-49ff-876b-83993e2a6212,jeans,hole,0.548,C
43af7f13-a995-4820-b1bd-4a5ace8cc4e1,jeans,hole,0.909,D
0ac7f8e2-c019-4bf5-903f-8fcf85de5041,jeans,hole,0.951,D
5a2058c0-a88b-47c8-bb00-f3ae75872be7,jeans,hole,0.279,B
9250b947-1321-4109-acae-173fd538ccdc,jeans,hole,0.617,C
4b4abdca-e682-47b2-b748-55861c5e40aa,jeans,hole,0.609,C
8be9a9c3-c689-40a1-b240-f755a22261f7,jeans,hole,0.822,D
4624b310-b8d3-414e-9a6f-3a52ec913d41,jeans,hole,0.378,B
588e6808-804f-4726-aef3-dc65c8f2c84f,jeans,hole,0.394,B
6e634fd2-6580-4302-af4b-29f7b7110c15,jeans,hole,0.552,C
88e052bd-9d76-46a1-b671-1013366db9d4,jeans,hole,0.824,D
15fd41aa-8e7a-4e8c-bb2a-f6377abe0ef5,jeans,hole,0.971,D
56f09ea1-2c61-4641-97ec-0d470c78bf98,jeans,hole,0.509,C
351f7a0c-765c-4d04-af6e-dc5392de5293,jeans,hole,0.524,C
6463f326-7fc8-4eff-acb4-fc2d91eaa1d1,jeans,hole,0.684,C
61de1510-ecd9-4ef2-8582-608b5386e693,jeans,hole,0.187,B
ebc44968-bceb-42d5-aca9-e8368bd1c570,jeans,hole,0.768,D
7f679d97-24bf-40c3-b59c-fdf0d299adc7,jeans,hole,0.129,B
4dd942f9-e65f-445d-96ca-0af4b089432d,jeans,hole,0.983,D
55cbe233-3d4d-46d8-9992-daf7997d5628,jeans,hole,0.348,B
535377cf-6aab-4969-9185-71c27c828392,jeans,hole,0.974,D
062fa1c2-46a2-4573-8a89-73d3f343a878,jeans,hole,0.285,B
621ddac4-8839-4414-b29d-a612892d8d59,jeans,hole,0.81,D
0fba0016-b1ac-468d-a854-bc8727611e7e,jeans,hole,0.819,D
ee4cd2d9-432f-4033-b061-fc514dc9dec1,jeans,hole,0.63,C
877e53d4-e142-43ea-a823-205d367ec6a7,jeans,hole,0.771,D
c501431f-e1b2-4092-a35e-2e0f2d721a25,jeans,hole,0.299,B
aa6a5074-a105-46db-93ca-9be1703087c0,jeans,fade,0.679,C
ac1ed790-8c59-40bc-a7cf-92e2c8fed20b,jeans,fade,0.155,B
3d45c0aa-a173-477d-a647-f958014a8b2a,jeans,fade,0.863,D
b6909cef-1c24-47b3-a5f0-cb452fbf8dfd,jeans,fade,0.717,D
44402659-f874-48b6-b629-a859fb56bb5b,jeans,fade,0.741,D
d67732b7-e491-4a55-b75a-2e0b30b79da2,jeans,fade,0.166,B
2f5e3f84-4304-46f9-b1ee-1d702f8eafdd,jeans,fade,0.39,B
4b116054-ba35-4ffe-8535-f868cb5bba64,jeans,fade,0.159,B
6e87b966-ed60-4cfc-b0a3-e849c80e0aff,jeans,fade,0.662,C
e00aa525-738c-4421-9851-343003aaba9e,jeans,fade,0.594,C
9f884e27-83f9-44ab-a543-0552e2743696,jeans,fade,0.443,C
d64aeeb0-0226-4990-9c21-696b684a0b9e,jeans,fade,0.578,C
34035fb2-b91e-4b14-af2e-1dc31ebf1eff,jeans,fade,0.555,C
bc1ff511-e7b8-42f8-8f68-17c6d2975907,jeans,fade,0.189,B
1f3070e6-c92c-4cba-a8ab-001414ffca1e,jeans,fade,0.868,D
1257707f-c1ea-4e3f-b965-1ace65579936,jeans,fade,0.749,D
d0c70cb0-0a83-4aa1-a2e0-f0226c2a2749,jeans,fade,0.487,C
407c502a-442a-46a6-9ca4-037af2ca30ff,jeans,fade,0.472,C
3d1cb618-f79a-44a9-b3e5-7be478504c12,jeans,fade,0.459,C
5d0ea6c3-2555-4660-8e3c-eb0ca4d21cbb,jeans,fade,0.381,B
341b3e4d-ed4b-46a1-8098-9dd3cdd36b77,jeans,fade,0.699,C
0ef5deb3-ab53-48b5-929b-be4fd10950e2,jeans,fade,0.958,D
592340e6-af9f-4d73-96b3-8eb27f6fe458,jeans,fade,0.16,B
503516e6-4911-442a-b7d9-7830fc2032e4,jeans,fade,0.184,B
b02bd52e-629a-4e0f-997f-7c2ff4d7b55f,jeans,fade,0.77,D
fb0910a7-3c56-499c-bc80-8128ec2636a1,jeans,fade,0.831,D
64e27bfa-9961-4c04-89c0-845e4a177f6e,jeans,fade,0.154,B
03f5c20f-d35b-44be-ad9f-be5948263662,jeans,fade,0.606,C
f9647639-2623-4ea2-b4ab-44189c1eef5f,jeans,fade,0.47,C
fc0c27c6-4682-4ed7-9f39-b92e790cae73,jeans,fade,0.881,D
d8d59337-ae7e-4e57-a6ca-51e69901b817,jeans,fade,0.972,D
2f679c70-0e36-4856-b2b4-fdcd01b5b0ac,jeans,fade,0.381,B
3a26149b-c35f-4302-9779-b6e672e40c12,jeans,fade,0.62,C
0b3f54af-1eab-4947-91c6-4fc68b02bf8e,jeans,fade,0.239,B
a7519b7f-b2cf-4c40-b9cd-8f0dd287e1c9,jeans,fade,0.302,B
6944da74-02f8-4855-b99a-c15d947c6f9d,jeans,fade,0.415,C
76243e77-3318-49da-b132-69a8e5252afc,jeans,fade,0.431,C
68aafa26-3d76-4eff-b6c3-f6e4341d0817,jeans,fade,0.617,C
2ffc3292-04bb-41df-99cd-17c1f66dc45f,jeans,fade,0.861,D
f9579dde-ae19-4561-ae9e-384d83331674,jeans,fade,0.652,C
b9697110-1bd7-4e6b-a042-4c20bd5a6660,shirt,none,0.0,A
befb259b-da2c-457a-9c44-d1752d6479fd,shirt,none,0.0,A
8f531aeb-ad9f-4a3f-a75c-e56176af2be3,shirt,none,0.0,A
53235408-8fa0-4a71-8895-c4624516ad4b,shirt,none,0.0,A
1efcc6bc-9ad0-4dc4-9b1d-054ace6be54c,shirt,none,0.0,A
f7f723dd-df78-4b14-a658-03c9083f78bf,shirt,none,0.0,A
f4c53fbb-20a3-481c-9487-46b6917e4fa3,shirt,none,0.0,A
323de722-2371-4ce3-bc31-9304cb83e046,shirt,none,0.0,A
5f6fb72a-de32-4d1e-a441-11556f0631c8,shirt,none,0.0,A
f4b1465a-1806-42a0-9365-6fc277509fc6,shirt,none,0.0,A
b7df36fe-e7b5-445c-8db5-d0246767ac96,shirt,none,0.0,A
5caabeb7-e445-4cac-aba0-90a81e952a20,shirt,none,0.0,A
bec6119d-4cac-49af-8046-f2a1aef6d5f1,shirt,none,0.0,A
f06779f4-b2dc-4251-85a0-7d989c3167f4,shirt,none,0.0,A
d9800b57-23a3-4f7a-9210-48e91e3992b7,shirt,none,0.0,A
cc63a75f-200e-43eb-8a7e-e4055676ad46,shirt,none,0.0,A
d870dfaa-a9d8-4de3-9615-1f13da09baa6,shirt,none,0.0,A
bb0849d6-f701-4db5-8b43-98280a73cbe5,shirt,none,0.0,A
d0b82dbf-5e49-4527-ac24-3ae1cca158c9,shirt,none,0.0,A
de9fb3c6-b920-47e1-b3fd-a8603462fa42,shirt,none,0.0,A
9c0fad09-44a5-44de-b7f3-051106bac997,shirt,stain,0.439,C
53a73db1-5bd2-4758-964d-3f568c0228d8,shirt,stain,0.176,B
ea99d037-4d3f-4e25-9e25-fd63bdd85e44,shirt,stain,0.345,B
f8adac59-feac-47d6-8ea0-6561bb16ea9d,shirt,stain,0.202,B
3c92ca9b-5ffb-4a2b-b433-57ba15a96c25,shirt,stain,0.7,D
80bf3618-b20d-4a33-9e7f-a994fe1a2ae2,shirt,stain,0.371,B
738d2780-79e8-4bfb-ad68-d6b6ca6d0b4e,shirt,stain,0.107,B
45cd27ce-a444-4940-9c9e-8648c6c9830b,shirt,stain,0.85,D
ec8952d2-024d-45ba-baf5-f37d6fcbb4bf,shirt,stain,0.514,C
dd3c21d9-eccd-4eeb-aa0b-3366bee98044,shirt,stain,0.204,B
03059993-5647-4e28-a929-15118b6caabf,shirt,stain,0.179,B
1925ee39-6a15-4448-a362-0f69cac7615f,shirt,stain,0.883,D
03fb0b87-652f-486d-8350-fdea04d73d6b,shirt,stain,0.578,C
0b53a860-18f3-4bdd-8ca1-4d29c6b8b2a3,shirt,stain,0.232,B
d77983b6-ce01-4672-b97e-638cdcefa733,shirt,stain,0.956,D
aa98fbb8-96fe-4e40-b529-d7dc49492987,shirt,stain,0.236,B
9e201f62-59a4-427a-8f3c-2058171940c0,shirt,stain,0.417,C
16b27482-f67d-4bb1-bed2-7cbc25455003,shirt,stain,0.169,B
8c86fbb0-4b94-40a6-a6ef-08e116e24353,shirt,stain,0.959,D
3ac50b8e-b6e3-41b6-803c-1f1dd9a982e0,shirt,stain,0.528,C
4ab6891f-f79b-42c1-bb2d-a6b03f61df04,shirt,stain,0.682,C
151b9194-4ba9-4d9d-bffe-b7c776e5bc66,shirt,stain,0.649,C
dd490eca-fe7a-4675-9f82-d7e9c7d900e7,shirt,stain,0.147,B
88eee561-4195-46ba-a30c-7de9e921eb27,shirt,stain,0.327,B
9b9a39bb-c679-4b9a-9fbc-022cf99aef3b,shirt,stain,0.971,D
9eaea96b-5883-4665-9cfc-3b3ca3c8ccb6,shirt,stain,0.439,C
7b837953-4ded-4d2c-b000-f16a61782f84,shirt,stain,0.558,C
a103baea-f956-4d9a-9a37-fe0d535245bf,shirt,stain,0.273,B
86302901-c345-490a-a076-b6c97c4eb761,shirt,stain,0.852,D
2cc8b173-b04c-419b-a6b1-8ea6bda20063,shirt,stain,0.246,B
a1a26cb8-c439-47ca-a0be-e7e61f2f4718,shirt,stain,0.65,C
76eb033a-12dc-4411-8dba-1ba5848d3855,shirt,stain,0.71,D
ec59aefb-e958-46f2-a316-977832504402,shirt,stain,0.477,C
ed712259-7c70-4992-89a6-0e742a724569,shirt,stain,0.677,C
83493827-0a4b-4bde-a130-3c072535d02d,shirt,stain,0.175,B
dbdc5412-6cd2-44ef-9d92-365d255d9457,shirt,stain,0.952,D
d463c154-b6ea-4121-bdcb-cf87a8e03bd4,shirt,stain,0.148,B
c424e881-ab1b-4f5a-9c47-ae4c2787cb04,shirt,stain,0.387,B
27195c3d-22f0-49c3-b41c-5bd1419c4258,shirt,stain,0.358,B
5e1351eb-7721-4052-9ef7-273565178b12,shirt,stain,0.105,B
3e2b8adb-242c-4b0d-add9-73d29bf1d182,shirt,dirt,0.575,C
6d5417d9-c366-4fbb-b22c-fabde72b0e7b,shirt,dirt,0.478,C
b44d6669-354d-4de4-806d-279d189d9064,shirt,dirt,0.115,B
a083cbd5-0d0a-4bd7-96fd-990df850a7d7,shirt,dirt,0.317,B
bc9b4eb4-954e-456a-aeb8-1d8d222796c7,shirt,dirt,0.958,D
6153950d-55a1-4073-9542-dc9043c997af,shirt,dirt,0.773,D
88c3ac76-8f0c-4e40-905a-37c8676fe1ab,shirt,dirt,0.14,B
92706e4c-8cb8-49e7-8092-e6d6e6ff2ad6,shirt,dirt,0.83,D
8bb7ddc3-654f-4bd4-af2c-d437aeaedb5c,shirt,dirt,0.139,B
4f9f9e93-e1bf-443d-94ca-e2716448eb14,shirt,dirt,0.99,D
196f5c56-150f-4b96-a74f-45741a436b11,shirt,dirt,0.876,D
d2a8ea0f-148c-4c9f-8bd5-a235224c143f,shirt,dirt,0.493,C
489abfe2-bf21-4f5a-bad5-e275566a3264,shirt,dirt,0.547,C
8a54bf71-2706-4885-a2c0-e1b63adb6a6c,shirt,dirt,0.171,B
182dd614-bd5c-48db-91c6-7657944baffa,shirt,dirt,0.376,B
adfbdd21-a42d-4458-8fe9-3c406ddada27,shirt,dirt,0.653,C
86b22c97-a090-40e5-8e6f-22bda62b202a,shirt,dirt,0.427,C
d1ebfe2b-c366-4086-8d70-b0043c33ebe3,shirt,dirt,0.161,B
228ac526-66df-4dc7-8ef7-41ff16048fb4,shirt,dirt,0.711,D
5f8c497e-0baf-4db7-a16c-4c571a54ba24,shirt,dirt,0.43,C
4429f4a1-6ab8-4ea2-8644-8a397ca5b822,shirt,dirt,0.549,C
a85cfd59-408b-4762-a859-70195ff443bb,shirt,dirt,0.997,D
d0174529-a39e-4c8f-8ad2-a2c9d3932e7f,shirt,dirt,0.868,D
b0590c62-b68b-4fc1-a044-716887abb36e,shirt,dirt,0.739,D
16dbbf79-0b72-4f07-b434-78bde5ba2e81,shirt,dirt,0.302,B
39aeedf4-c731-4cdb-86ae-50af58a11db0,shirt,dirt,0.599,C
20f69126-181b-4c6a-aa25-432e7cd115b7,shirt,dirt,0.378,B
6e69974c-7f32-4a35-bf33-b5acf7dcf861,shirt,dirt,0.975,D
e252c04e-6864-43cd-82f2-fdd4a2e2a40c,shirt,dirt,0.676,C
002e2d40-7b16-4eda-a999-aaefaada5c48,shirt,dirt,0.566,C
16a220e3-cad1-4c1c-bc16-0788f75411b6,shirt,dirt,0.905,D
03c51352-6117-4775-b2b2-8938f306a23b,shirt,dirt,0.663,C
d66eff9d-e7e0-47c4-a46c-0a01c207d8c4,shirt,dirt,0.749,D
322571d7-8668-49c8-8c19-b3bbfb1304bc,shirt,dirt,0.954,D
e1dedfe9-0ecf-400e-9be1-6c574ffd0424,shirt,dirt,0.9,D
aa1e43de-1870-45f3-99ee-df053f88b4fe,shirt,dirt,0.508,C
75092583-6abd-43ba-83d1-776049676882,shirt,dirt,0.646,C
e628bd29-611c-4ebf-b9ee-f72e825e4e67,shirt,dirt,0.785,D
9dcb8592-dc31-4fbf-bd15-1e5b2f634176,shirt,dirt,0.227,B
d730f3d0-48ab-4218-bc70-eb9571b711a2,shirt,dirt,0.966,D
391faea0-7c5c-49cd-ad4e-68e0d859647f,shirt,tear,0.787,D
90b0199e-8b33-4eab-983b-22b3894d6f2e,shirt,tear,0.121,B
d2e3b566-3cf8-4a86-b76c-59adbf4d4504,shirt,tear,0.144,B
acb9040e-a334-4232-866d-8b8c27489086,shirt,tear,0.583,C
08c9e07c-df26-40d7-82be-0667fd0c2db3,shirt,tear,0.141,B
997bcdea-612b-449e-b4a9-d89a20999e61,shirt,tear,0.448,C
fdfd8522-8d70-47ba-b879-ee7e17467976,shirt,tear,0.455,C
7ecc5488-ce39-4233-b22c-a74ee218f1fd,shirt,tear,0.558,C
47973286-3572-48ea-aad9-074e11b81d32,shirt,tear,0.511,C
f136a1cd-abee-4291-9ffe-b6469c374d9b,shirt,tear,0.765,D
838cb016-8e92-4003-949f-ccf00d2bf95a,shirt,tear,0.738,D
fc6dc556-0325-4eec-b39b-9481a39a124f,shirt,tear,0.625,C
54b5f3f4-afd6-4ffc-955b-c471c1bbc9f3,shirt,tear,0.532,C
b8db3ca9-d7c5-4122-9344-0911e2397dcb,shirt,tear,0.272,B
71c03d10-36b0-469a-b396-67e2302ba9ce,shirt,tear,0.797,D
0dd219b1-22df-44ec-85b0-d41bb9a81e1e,shirt,tear,0.287,B
05d96682-dafa-4bb3-84d2-279a7defb5f7,shirt,tear,0.514,C
14f3662f-28e7-404a-9bb7-b4ce63a7c73a,shirt,tear,0.962,D
d1690bdb-9c8e-439a-8500-7196ba35ecd7,shirt,tear,0.721,D
eb1701dc-3b6a-47b6-bb6f-da42e2fe0073,shirt,tear,0.616,C
0a50e437-7fde-4e36-a169-4c61b72dd4fe,shirt,tear,0.138,B
cf90b3b9-3377-436b-a8a0-043c11910f3a,shirt,tear,0.282,B
dff97e99-6b6e-4899-8100-6595aeed3dff,shirt,tear,0.767,D
003c0cc9-d419-44ce-80be-b1c549627ab5,shirt,tear,0.147,B
937c5c23-d65d-436a-95b5-d74c68673d72,shirt,tear,0.968,D
4f4926ae-709e-404f-8afa-be50d0f6b061,shirt,tear,0.78,D
2e732fd5-de85-44d2-97ca-6f003ecf9ac5,shirt,tear,0.582,C
15433ea7-8a17-4369-89d8-c3456b1eb415,shirt,tear,0.809,D
88907301-e191-4203-8bae-cfacd1d1a320,shirt,tear,0.108,B
fcd443d7-d66f-49c4-a853-4a99e0bdb12f,shirt,tear,0.572,C
01f7563b-518d-4cb5-8007-4867c719b80d,shirt,tear,0.246,B
670e428c-c17d-423d-b3e4-5102bbbb710c,shirt,tear,0.611,C
3cbff2cc-fd48-4458-80ee-7b5bec63233d,shirt,tear,0.395,B
837829c7-7a84-4885-b35f-b5b068dd8e71,shirt,tear,0.942,D
3708eec7-43f6-4a59-9bcc-5e6bc5a12b0f,shirt,tear,0.624,C
0918fef8-e2c2-4114-ba20-3e80c73ea92c,shirt,tear,0.519,C
6dbbdd86-ba6b-4295-8f3e-a9a567462475,shirt,tear,0.431,C
f3beafab-5042-4f2f-8c24-c269ee5fa1e2,shirt,tear,0.436,C
3b1850ae-3506-4aff-89e5-7d937938aa53,shirt,tear,0.886,D
9d4e74e1-6378-415e-8454-ce20fd3340db,shirt,tear,0.201,B
78d5e4b9-d3d1-4296-9b64-13cf99e51992,shirt,hole,0.205,B
b197c780-4351-4a23-81e1-3775754e7f4f,shirt,hole,0.508,C
c2cbd2ef-de25-47b8-a7e2-c82e43ce4f76,shirt,hole,0.456,C
b868d761-2a43-4f59-8f6e-8f4c24f9a1a1,shirt,hole,0.73,D
10420cbb-86ae-4898-b9ee-9a9336cfff0c,shirt,hole,0.468,C
464129b6-2294-47dc-a328-2365891de129,shirt,hole,0.504,C
77a9b289-1a8a-43ce-9f3d-e27c91cd0754,shirt,hole,0.207,B
2a13c70e-c4c3-4d9d-90f7-3826ed01a33a,shirt,hole,0.981,D
79775253-40d2-4df5-a331-616b8f4c1b22,shirt,hole,0.323,B
7e790d9b-17ef-4363-830c-dcbbcb5a27c2,shirt,hole,0.653,C
82315b08-e388-4ae0-a6ce-c29571d107e1,shirt,hole,0.638,C
341750c5-57e6-4c6e-982c-85a6987fa557,shirt,hole,0.296,B
59174b49-f1bc-4bf0-a00c-c236d84c6421,shirt,hole,0.62,C
fd2fea63-f44f-45e1-8134-ba60116ebdbc,shirt,hole,0.37,B
3eea6dd1-813c-4a58-b89f-e9922dc95d48,shirt,hole,0.546,C
e59b2e30-17d8-4b97-a3ef-b025ad4f49ed,shirt,hole,0.467,C
b4115b73-58a0-4ba3-9528-09de6396fb99,shirt,hole,0.371,B
24a0566e-f6cb-4827-84d4-ef79fa1119c4,shirt,hole,0.602,C
ee4102b3-180d-4f43-ad9b-9659f79c2376,shirt,hole,0.862,D
07f40524-5fe6-4749-b351-d1bb9042b8b9,shirt,hole,0.706,D
417b34d2-0465-41f0-b927-49ed792beb77,shirt,hole,0.883,D
f8636ba4-83b1-478b-8bbe-c8d4f87bcf77,shirt,hole,0.772,D
16d440b5-4cab-4e9e-82b6-9ed881bd0c19,shirt,hole,0.924,D
d45d6655-acd2-4619-8a3a-d05b15a3e3da,shirt,hole,0.378,B
34a9e9a7-4920-446f-bb24-fe26261fdeea,shirt,hole,0.923,D
28ab4770-2f83-466d-b661-1aabc806c480,shirt,hole,0.335,B
e18259e6-57b4-42fa-9e76-fa75ecc64506,shirt,hole,0.85,D
bc3b1040-536c-4653-95e5-9942bd5f2914,shirt,hole,0.97,D
6edb0d36-1977-4fdf-9dd5-4efb369cc29a,shirt,hole,0.748,D
c1427d08-8343-4c17-b257-73bf59b5c886,shirt,hole,0.855,D
49874078-16aa-45f5-a33a-c4f5c0ff8f57,shirt,hole,0.224,B
62e9c76b-6c82-4488-924e-a736ae1d5bf1,shirt,hole,0.436,C
a8d3624f-4eba-46ae-9567-5cd0c8f36b8d,shirt,hole,0.111,B
8660fc51-9df2-454d-a52f-a69de61d1354,shirt,hole,0.196,B
4c1c55cb-45a8-4962-98fb-a20f4c072dc3,shirt,hole,0.834,D
92b06dfe-6bcf-4ba1-978d-7c955a63881f,shirt,hole,0.319,B
0fe24fa0-bcde-4a33-956d-6d0ede4aeef7,shirt,hole,0.184,B
93964e63-a9e3-456a-8daa-add01ea33759,shirt,hole,0.174,B
755ffd29-1229-49b0-b3c1-8ab396e21b20,shirt,hole,0.307,B
df6bdcc3-29d9-49eb-b535-a7a6ce61adca,shirt,hole,0.692,C
221ec648-3931-4a12-961f-dc3b580a395d,shirt,fade,0.936,D
5622ad9b-bde2-4ab4-8530-abb6d207bcc7,shirt,fade,0.246,B
c8f9eeeb-4193-4e41-a1a3-dd9b048109e2,shirt,fade,0.61,C
4193a4a4-b9a0-4e19-a232-bfaf06311110,shirt,fade,0.709,D
b7981af2-6926-46ab-b33c-28e3c6c6372b,shirt,fade,0.399,B
964911ac-826b-4f88-9911-3e528c61bcf4,shirt,fade,0.811,D
ace49043-9a68-4123-aefd-0351399bafcb,shirt,fade,0.551,C
d1d43bd7-2ee5-4829-80a6-8ba3be83ae94,shirt,fade,0.148,B
0b0d8155-4696-4e86-972f-34f488aa5926,shirt,fade,0.309,B
6e5da58e-6510-4467-bfd3-d83e9eec501b,shirt,fade,0.407,C
2366d8c9-f589-4e0e-9a55-c7da73c6b6ea,shirt,fade,0.959,D
c4b502f2-4bec-4d8d-af2f-cb3e6384537b,shirt,fade,0.972,D
24efcabd-2c86-4457-8a86-3306d11d3b71,shirt,fade,0.127,B
f0deea16-9c1f-4b56-b6d3-a5cbcb46233c,shirt,fade,0.805,D
89db46d9-3eda-4e9a-9f00-2bf761d39b8e,shirt,fade,0.542,C
a3331ca9-312e-4893-9c13-cf6c45de1dec,shirt,fade,0.598,C
00d1a888-dec6-4fa1-aa12-06b9f234b600,shirt,fade,0.489,C
4226ef84-fa40-4d50-b68e-5fa51a63b0d7,shirt,fade,0.695,C
be21fc30-007d-4db5-92d1-07580fb63356,shirt,fade,0.795,D
a41497d5-667c-43a6-aede-bc8ebeb22b74,shirt,fade,0.818,D
352715c0-1c57-41b8-bcfd-7bae9187772f,shirt,fade,0.174,B
67d139db-49d3-4b22-9373-88caa8e8b6f4,shirt,fade,0.442,C
d42c46fd-a0cc-4d13-9f30-88c824125b43,shirt,fade,0.766,D
40684e3b-7e68-420e-bef2-e8e76ba288d4,shirt,fade,0.425,C
07ad1b28-a688-4fe4-823f-e5d98736ca5a,shirt,fade,0.105,B
f3ecaa26-88eb-4d4c-8897-6baacf3a1d4f,shirt,fade,0.5,C
ec9a2b95-96f5-4912-9f2d-83e2dfcaa4dc,shirt,fade,0.192,B
5ccf24b4-8b74-46ca-87d8-e89def3dcc51,shirt,fade,0.269,B
df883bbf-0546-4681-bdc5-ebad85c064c4,shirt,fade,0.601,C
bd0938b0-3f41-431a-9ba9-6e49e8f41e4c,shirt,fade,0.467,C
a65cc749-6e44-4435-abd3-62540d04f814,shirt,fade,0.181,B
21436394-8669-498e-8929-97ba8533c408,shirt,fade,0.184,B
6bd2e597-a830-47c8-b3e1-424b2b7584ef,shirt,fade,0.806,D
b6edc7eb-2431-4ece-8d62-4166c4aa646a,shirt,fade,0.111,B
29130366-cd69-4cc4-86cb-1c79be3ec89c,shirt,fade,0.449,C
97e83b02-6d5c-47ec-8c72-7ba70023d240,shirt,fade,0.752,D
91474aa6-729a-4b6b-8eef-0ea1db70380c,shirt,fade,0.915,D
ff7e4820-2e57-4f3c-ba7d-27ec1af46c46,shirt,fade,0.615,C
1786b231-96be-4326-908e-1e6259eda600,shirt,fade,0.717,D
2a8f8b81-0a80-40fe-ba04-86acda570d52,shirt,fade,0.225,B
551a9f41-e885-4b79-8d67-f14c823a09d7,tshirt,none,0.0,A
d8b0dde6-8984-4178-8148-e75360cbbdc2,tshirt,none,0.0,A
9cb71dc5-6e52-4cde-8240-d6a4404ce7e7,tshirt,none,0.0,A
2c4a6ffb-574e-488f-a501-891c06e21428,tshirt,none,0.0,A
8d264aee-fb6e-4391-8acc-0d25e44c61aa,tshirt,none,0.0,A
c5ef379e-16e5-4f7f-b940-1a19bbeda898,tshirt,none,0.0,A
958293d6-bb12-4c7b-9d5c-07f6ecc53b1c,tshirt,none,0.0,A
5fd96f26-0f81-4d23-9ad5-bf1f0b43cb9f,tshirt,none,0.0,A
9cd89e27-8dfb-4533-b6ae-6e17463f3777,tshirt,none,0.0,A
1f0fbc32-3171-491b-946f-385e58b4bb96,tshirt,none,0.0,A
cdcd0904-fa99-4250-8ca7-97a5a7242413,tshirt,none,0.0,A
e6ba6701-d5cd-4cd9-b7fe-8fce85c223d6,tshirt,none,0.0,A
187921e2-98c4-497e-842f-0aeb9dafc0bf,tshirt,none,0.0,A
6aad23e4-eefc-4bd8-bd27-17cc9f8f6b1b,tshirt,none,0.0,A
29e3f3c4-61fb-4ccb-b6b9-a762f3a416ad,tshirt,none,0.0,A
aaac9e42-e354-48ab-9263-26dee1038334,tshirt,none,0.0,A
4d6e99a3-0f48-445c-8a9c-b22ff9b15145,tshirt,none,0.0,A
f56ea724-2f09-43c1-a1a0-25085876f2ad,tshirt,none,0.0,A
01fd1288-d822-4adb-939d-743e75affa2d,tshirt,none,0.0,A
c8ac66f7-53b0-4bb0-9052-1c139810af9a,tshirt,none,0.0,A
82c265f5-cd83-4332-a8ce-538ea5e4bc19,tshirt,stain,0.222,B
3742b1c8-0877-4427-a81f-467052c796db,tshirt,stain,0.401,C
c5d2b925-0e43-49fa-89f4-dfe52c352f35,tshirt,stain,0.26,B
8bf786fb-7239-4662-bbd6-b17c27e1c527,tshirt,stain,0.393,B
dec533e2-b71e-46dd-b919-3050e2ba034f,tshirt,stain,0.633,C
72dc4247-5d66-46f9-9775-be649e472b94,tshirt,stain,0.818,D
12eaf1ad-a698-4054-991d-872bb4ab44cd,tshirt,stain,0.67,C
2079f3be-c251-41be-a67f-c72894c99afa,tshirt,stain,0.504,C
4f455c8a-7997-4a40-b347-5f55df0485d3,tshirt,stain,0.812,D
de2d3f42-37e7-4f59-984c-8b4b55445f97,tshirt,stain,0.692,C
83901743-9663-4b6a-a159-f6574478c409,tshirt,stain,0.969,D
000f6878-ee63-48a8-8c19-d74f42d26c4a,tshirt,stain,0.602,C
0b7c7572-dcff-4688-809a-96b05bd8c290,tshirt,stain,0.41,C
35363d88-9cd6-4aa5-8195-201fd2910081,tshirt,stain,0.413,C
07fddd67-0ac2-4031-ada3-68aafd6c2fe8,tshirt,stain,0.188,B
28d5e9b9-106f-4846-934a-fbc6242332c5,tshirt,stain,0.683,C
d138bf81-3b3b-4a1f-8cee-8557bfcaf4c7,tshirt,stain,0.604,C
950929c0-a0a3-4284-b464-b7c9c5705c52,tshirt,stain,0.456,C
ed68a079-fa43-4e49-8b46-d6dc7f3404ba,tshirt,stain,0.351,B
1fc80c40-9586-4c4b-aeb8-fbf5d17d609e,tshirt,stain,0.393,B
cb0dea8a-c728-4998-a311-fd5a1dbaadd3,tshirt,stain,0.637,C
65de49bd-cc61-43e1-a9a3-e4a8c7ad5bef,tshirt,stain,0.927,D
284b951b-8016-4b47-bc99-bac8aadf483f,tshirt,stain,0.265,B
97059936-a673-45d1-ab71-acf1e4712932,tshirt,stain,0.481,C
9c1ede48-e2ad-49ab-9d96-3962c4b48971,tshirt,stain,0.541,C
73c6be54-bf8d-4b85-a7a5-12c896dce840,tshirt,stain,0.957,D
294f4ecd-6581-4e6e-9921-31185e7b8277,tshirt,stain,0.468,C
cf3c9f08-74e4-4fec-a919-64bc6d2cf940,tshirt,stain,0.609,C
00b74111-45b3-40de-9e2b-b66be21b6136,tshirt,stain,0.803,D
c5d45b72-e93b-4d2a-b6ef-da9cd00bb39c,tshirt,stain,0.841,D
a5f9a33c-e3bc-4145-89bd-edbd6243c548,tshirt,stain,0.192,B
75df80cf-0537-4679-8121-7da207603bfc,tshirt,stain,0.876,D
a845e27c-aaaa-44e7-94ab-b8912bee1452,tshirt,stain,0.72,D
d521b595-5a6e-4aa6-84ba-424ef4dcc67d,tshirt,stain,0.613,C
6243ac0a-fb8e-4a3f-b363-6fa9affdb507,tshirt,stain,0.341,B
80200cda-effd-4e38-bfaa-61f53211d54d,tshirt,stain,0.88,D
d230f5ea-407c-4663-b735-03ef58871ac4,tshirt,stain,0.785,D
d23578a8-fee8-40c9-b98b-b9b6cc76d622,tshirt,stain,0.507,C
e4c20c1c-3c51-47f0-82cb-0fd044898d11,tshirt,stain,0.395,B
b676d184-1951-4331-a198-7d45f8ae441b,tshirt,stain,0.865,D
41eab81d-2904-4145-b624-e4c715007fb1,tshirt,dirt,0.391,B
c2977dd9-bcaa-460e-801e-689f37e51043,tshirt,dirt,0.905,D
19aff423-1ef5-4a1e-a362-7fe906deb3cc,tshirt,dirt,0.936,D
8fa4a574-2e5a-4a24-858c-c9cce13ea854,tshirt,dirt,0.894,D
d948b5fb-bbd0-4805-bf7d-24fd21f5bd9f,tshirt,dirt,0.325,B
29bdcdf9-7549-4aaa-b4c2-75b91b0f62fd,tshirt,dirt,0.753,D
c4fd096a-7d05-45da-b52e-f7fdbb80b0e3,tshirt,dirt,0.529,C
0bc47dd3-1738-4169-ac63-313d19872a6c,tshirt,dirt,0.726,D
4f473b6a-3546-46ad-b021-acb1ac100a9e,tshirt,dirt,0.306,B
ee5b2860-7b9c-4785-bdc3-59f62f15368b,tshirt,dirt,0.223,B
38f1bfda-370e-44e5-b7d8-4a879985340b,tshirt,dirt,0.108,B
5ca80145-d45e-4727-a28a-c7e1e8566004,tshirt,dirt,0.654,C
777156e1-d112-4bee-af4a-6a4c917f3d38,tshirt,dirt,0.631,C
0ab5038e-00ff-4f8b-82c3-e8b2c65d3ab0,tshirt,dirt,0.68,C
012c79c7-7184-44fd-9c6a-0d6e59f96424,tshirt,dirt,0.285,B
efc4f0f6-428f-48e5-ab99-f4307583c807,tshirt,dirt,0.447,C
ecfb3e52-3961-4e08-9e4b-92b22a5933ad,tshirt,dirt,0.941,D
a931964e-967d-4a07-a1d6-cbc95d767b3c,tshirt,dirt,0.715,D
baf96c27-b93c-42dc-aac9-1ddd9c280a07,tshirt,dirt,0.336,B
57546380-74af-4f9b-bf1f-a78cf6286cc1,tshirt,dirt,0.666,C
094a6c74-93fe-40d3-b3aa-37756ada35e1,tshirt,dirt,0.237,B
8ef41edf-0274-40d2-b002-1a407fa25285,tshirt,dirt,0.394,B
f22b88ba-4336-40c3-98ba-905906eb03c6,tshirt,dirt,0.178,B
0924688a-5fb3-4860-965f-671441fa1e5a,tshirt,dirt,0.207,B
b02e9884-cdaa-40ad-8681-9654b0b85963,tshirt,dirt,0.805,D
25fb810b-2258-4576-839f-259fc8300d39,tshirt,dirt,0.402,C
0d441982-9d6f-4235-8cf7-a72e0d948f71,tshirt,dirt,0.547,C
c4237740-c991-43e4-bdb4-220d9472f151,tshirt,dirt,0.33,B
33b4a097-732e-401a-b784-18b9ce68d608,tshirt,dirt,0.102,B
ab545b1c-5ba5-44bb-a61a-2e9348a06ba0,tshirt,dirt,0.938,D
18d99403-a5e2-4c8c-a8be-ad4d452d900d,tshirt,dirt,0.323,B
2001ac31-c54e-4e6a-bb4e-1eab63b72a05,tshirt,dirt,0.706,D
d876c514-69a2-49b5-94e6-f0ddbea063b9,tshirt,dirt,0.889,D
9246b901-3606-40d3-b555-d071545d1fb9,tshirt,dirt,0.107,B
f3a2c136-c7a3-42de-98a0-07560b98104c,tshirt,dirt,0.431,C
6c3854a6-2475-45dd-af81-29ac0bbce579,tshirt,dirt,0.106,B
8db8c5df-6392-417f-b3fa-dd30fd9e7065,tshirt,dirt,0.956,D
659b6117-9644-4dd5-9b83-07ff63ee1f8c,tshirt,dirt,0.194,B
d82b8df9-a409-403c-91d8-8f00dd7eb2ce,tshirt,dirt,0.14,B
a92012c1-8642-4381-ba83-598b7613098e,tshirt,dirt,0.623,C
e516281a-605a-4ede-a88e-9d3195caefe6,tshirt,tear,0.696,C
a5b97eae-de56-4796-9b43-d2ab53a8fc94,tshirt,tear,0.386,B
a1e19ca2-2daa-4694-b547-324528909bfe,tshirt,tear,0.24,B
aee6da50-cd05-4530-ad9f-e88b29b47c1b,tshirt,tear,0.968,D
70997813-1720-43aa-979e-9818fb3e9c12,tshirt,tear,0.827,D
4f4f1282-7ac5-4abf-ad16-2653ac252d3a,tshirt,tear,0.233,B
aa104575-ef22-4d51-92f0-a07fd4141c67,tshirt,tear,0.838,D
15e13f96-c9f9-45b8-8bc0-42a98f29a76d,tshirt,tear,0.325,B
bd76cb2a-b482-4085-9eca-90126da6cbc3,tshirt,tear,0.847,D
663d4148-0331-4e1a-9fd0-bd269aa8012c,tshirt,tear,0.628,C
8b5ef608-ea65-4349-a438-3a75ebae53d5,tshirt,tear,0.183,B
8abd630e-a4da-4260-badd-5f2ad2f94534,tshirt,tear,0.49,C
e04889ad-e76b-441e-93ba-699bc1a73e87,tshirt,tear,0.293,B
f35bba75-9a92-41f1-b43e-778461d57ac4,tshirt,tear,0.657,C
6ccc6eea-30ab-4310-8f64-6741e1a484a4,tshirt,tear,0.179,B
42197943-7fa3-4068-82c9-742bf8101513,tshirt,tear,0.815,D
a12b5015-494f-4ba2-9fd9-d8f334f52309,tshirt,tear,0.552,C
84a071e4-c34e-4618-8d98-a66992e5c65f,tshirt,tear,0.906,D
f917be22-0d08-4248-a6c9-f34e90781a06,tshirt,tear,1.0,D
4f2f022d-a81a-4bad-b19f-7ed70b24271c,tshirt,tear,0.788,D
ea309404-6015-400d-83ca-c233090d1933,tshirt,tear,0.258,B
de4e9948-80bb-4b0c-8473-4d5f9762a22c,tshirt,tear,0.953,D
86c54bbc-2e7f-441a-a7a8-8d03a11837d0,tshirt,tear,0.541,C
7b97dd90-ed22-4cca-8d80-83b9bfb3a8b7,tshirt,tear,0.101,B
027c170c-9b5c-4f82-8639-52a9b98526da,tshirt,tear,0.12,B
05beca8b-5f5b-4f98-8e7d-e912db2d38ae,tshirt,tear,0.734,D
12bd2b97-7641-4a17-8695-cad29cfc35b0,tshirt,tear,0.759,D
7d1035db-5f7e-4acd-9cbe-c326eda5aca3,tshirt,tear,0.724,D
7fe838eb-48a8-46c9-8bd3-12cd09776a3d,tshirt,tear,0.761,D
9b89257a-9532-4844-9980-b7ce975ef815,tshirt,tear,0.129,B
d53a23e4-5906-41a2-864c-b1e0b687b363,tshirt,tear,0.194,B
f513c7f4-255d-4bca-815a-1f95466223f9,tshirt,tear,0.251,B
cd42eaa7-e88e-430d-9bd1-e8ac6fa89d94,tshirt,tear,0.339,B
0e7ee53d-562f-4463-bcd2-874464c57b73,tshirt,tear,0.447,C
560ab576-1968-4043-a0d1-64a827cdb1b4,tshirt,tear,0.591,C
fc719a38-4144-4b21-9869-5fbc444bae00,tshirt,tear,0.166,B
b182648c-ca32-44fe-9093-ede1f832d52c,tshirt,tear,0.253,B
ec0b13f8-8cd4-4bd7-8fa2-684690035063,tshirt,tear,0.987,D
14da3aa7-50dd-4ba0-a033-09d552f5f651,tshirt,tear,0.901,D
ad739f98-44a0-41d6-a870-f004aca74ed2,tshirt,tear,0.75,D
5e66e931-5e40-4389-bf56-2c58ff1ee282,tshirt,hole,0.615,C
defe1fd6-f16f-4f87-8830-65f5cdf628c5,tshirt,hole,0.842,D
f544d441-e7c1-469b-9d15-486bf6401510,tshirt,hole,0.526,C
9cb7aa10-9182-4962-9900-3f42d4421a66,tshirt,hole,0.678,C
19d0caa1-e2ac-48b5-868b-08311846a113,tshirt,hole,0.14,B
3c12fc65-f9ba-4a96-bcc1-f4e7f04e0840,tshirt,hole,0.236,B
39a70d28-a68e-4b31-84a9-edf7398989b8,tshirt,hole,0.305,B
1c33affa-c086-450e-b467-53505ea6b4d5,tshirt,hole,0.615,C
ccbedef7-7b36-414f-b544-1f37eded9465,tshirt,hole,0.91,D
64de03a3-b305-42e4-8e34-bdaca03274ef,tshirt,hole,0.828,D
167f0358-26c6-408e-93a5-d4769bfa9479,tshirt,hole,0.851,D
8d477188-7c99-4795-be9f-10f2ea2c24b3,tshirt,hole,0.601,C
db8be729-8bee-4bd0-89c0-70f91d44405d,tshirt,hole,0.201,B
a06f219b-708f-4e4d-bd1f-3622ef97bee2,tshirt,hole,0.802,D
d1482d7a-ab71-464b-9d4b-76bb34a35803,tshirt,hole,0.689,C
1b9c18ff-3ddb-4224-a759-cee33efd7a7f,tshirt,hole,0.713,D
b85bb25c-befb-42db-998b-9a6d6f5a5601,tshirt,hole,0.771,D
5bd8b68b-ca0b-4fe2-8886-7c7b4f96e25d,tshirt,hole,0.859,D
fd7e1d9f-8f83-41f2-947a-ebc39fe97c25,tshirt,hole,0.797,D
2927f1ae-9ea9-417c-9c6a-6684c322d6ef,tshirt,hole,0.29,B
6c35fa8d-c3d2-4e35-af69-12b876c6a6d4,tshirt,hole,0.812,D
90b89025-0afe-4540-8cdd-fd3ad7abf845,tshirt,hole,0.126,B
2bd0d717-cd55-40b9-bf0a-2f3404aa149d,tshirt,hole,0.511,C
959f2a0e-394f-4120-8c26-9c83c53e3892,tshirt,hole,0.672,C
bfbf1104-b9e2-4ce4-89b7-d49289a385e0,tshirt,hole,0.964,D
c0f0dda1-caa0-40f3-89b1-4febac36fc9d,tshirt,hole,0.357,B
dabbd1c9-dce5-4551-9a8e-7b86bf2a0d16,tshirt,hole,0.71,D
1f9ba3e7-6efd-4aef-abaa-8ed824ac5e12,tshirt,hole,0.683,C
e5b2b692-1399-4db8-8e66-bc1df6af4a29,tshirt,hole,0.906,D
22f40a61-4655-4c49-94e8-29b60cf8ce39,tshirt,hole,0.457,C
2118b66c-2a7e-413a-a247-1ddc98bbb0ce,tshirt,hole,0.648,C
3a193df4-24d1-4499-b6d4-111708e23f74,tshirt,hole,0.875,D
49e1d892-be25-4d5d-94a7-0550186087ac,tshirt,hole,0.566,C
e3f49bf3-46b3-45b9-858c-31772c141ea1,tshirt,hole,0.749,D
83c232f4-3529-4a7e-b673-ec0f15efad12,tshirt,hole,0.763,D
54db1dcf-4988-4bc0-9a6d-80f09ce01ead,tshirt,hole,0.557,C
ec561233-e1e0-498c-b26e-e5723962e967,tshirt,hole,0.524,C
6217b7b5-5e48-431e-ba4d-5673e52a24b0,tshirt,hole,0.3,B
9fbffbf0-4616-456b-b72a-04df13702b81,tshirt,hole,0.627,C
3b90a077-b46e-44e8-9a06-2fbbb53f9223,tshirt,hole,0.55,C
ee49a6a2-681c-4837-9dac-de11fe84a914,tshirt,fade,0.408,C
e1eec5b3-a3e4-48c1-a0ec-b77875e231c5,tshirt,fade,0.904,D
157c4e4c-ddb3-408c-a70c-297a32eafc21,tshirt,fade,0.229,B
46df7ad5-5957-44da-89e2-6a422b589a8f,tshirt,fade,0.801,D
5768d3d0-e1fd-482f-a9d6-b5ad27c95b19,tshirt,fade,0.399,B
0677c6e2-33c4-46e6-805c-0f9156ba60a7,tshirt,fade,0.382,B
80fff02d-8be3-4167-9d13-a0ff9d40df06,tshirt,fade,0.104,B
4693a726-51a6-4078-bb5b-f584a38b3af1,tshirt,fade,0.288,B
986aa9a0-1ffd-47fb-bf7b-1b92fab51a58,tshirt,fade,0.619,C
cbff69fa-7a2a-4519-b2b8-0b3975960332,tshirt,fade,0.541,C
5ea97a97-e971-4231-a3bf-585d0afe1204,tshirt,fade,0.216,B
5f206893-48d0-48ab-bb82-3274dfa2dbe3,tshirt,fade,0.67,C
a53e3612-3ccd-472b-a640-717e5bc95124,tshirt,fade,0.486,C
53563476-8617-48ee-a3f2-676255ba031a,tshirt,fade,0.445,C
bea557c5-6e4a-4e19-8b9c-9e3700424ade,tshirt,fade,0.58,C
c792801c-ba6d-41ed-a14e-f36351e285de,tshirt,fade,0.955,D
2a9fc733-fad0-47ba-909c-1595621f783e,tshirt,fade,0.781,D
4ef4646b-01e7-4819-84bd-27d4af1ae274,tshirt,fade,0.272,B
e3357ede-02f2-4cbd-9eb0-067f4bd524af,tshirt,fade,0.664,C
87c860d5-1747-4c50-a977-ba2cb266c260,tshirt,fade,0.304,B
e9d89e6d-06be-48b7-ad2c-e73661c71f26,tshirt,fade,0.381,B
871ed2fa-4158-484e-a133-ff091d171a7f,tshirt,fade,0.445,C
cb12f9d7-7f3a-461f-8bb4-815d250df0ef,tshirt,fade,0.376,B
98466b69-56e7-4038-b76a-72ae394a3407,tshirt,fade,0.841,D
61ece4ac-3616-4a49-a225-dfaf7647bba4,tshirt,fade,0.954,D
df91d765-cb52-4300-92e1-fa248e4786a1,tshirt,fade,0.755,D
8d971878-afe8-4dcd-910f-278cb205b997,tshirt,fade,0.572,C
feb29701-d510-4c36-865a-1764664f36aa,tshirt,fade,0.899,D
12d482cf-37a9-45d3-90ba-0c7f509f3685,tshirt,fade,0.408,C
a48684af-c9d8-4071-bc7b-6635a08f9bd6,tshirt,fade,0.423,C
040d065e-170c-46ac-aba8-170eae505a33,tshirt,fade,0.248,B
b26a4f06-1681-41f4-90e8-2e530c2add42,tshirt,fade,0.117,B
45ef552e-24a9-4892-93fb-06eec7e2f14e,tshirt,fade,0.754,D
a83b5351-7896-46b2-b25b-fc8758a13717,tshirt,fade,0.29,B
5869c78b-b6bb-4765-88bc-62ac630923e9,tshirt,fade,0.631,C
b099af0f-08f3-48d2-aeef-c3dfb18e53a0,tshirt,fade,0.211,B
e38206d8-038a-4b78-a1ea-4850a8eb6e4b,tshirt,fade,0.438,C
10cb79ea-9327-4967-9a73-f76357019514,tshirt,fade,0.794,D
e598e1c9-a8f0-4755-9fa2-fd2088503ea5,tshirt,fade,0.144,B
7dfdd6ed-8468-4fc2-b916-320b629b0ea3,tshirt,fade,0.696,C
55418ed8-0fe0-4906-97f6-7a721c43cb51,saree,none,0.0,A
643b169b-f0e3-4973-9805-1ff2ff500bd9,saree,none,0.0,A
8b4bd43a-8954-4e85-aa5b-ceaabbbfa41a,saree,none,0.0,A
1663ddc7-977b-4a45-8da2-4a3f6e1aea1e,saree,none,0.0,A
c8c8fcf4-8b39-4d59-a691-1e4eeacd30c0,saree,none,0.0,A
6979a1ce-8f6b-4566-8dc6-e45f3b3b81cb,saree,none,0.0,A
57d5c215-5a56-4680-bc13-fa12cf359a5a,saree,none,0.0,A
38c00390-15e5-48d5-a6d4-0feca51d6cc2,saree,none,0.0,A
65ac777a-2946-4768-9f76-138f97fca537,saree,none,0.0,A
21623b99-fd49-4ba2-bb2d-e8c1022cbb7f,saree,none,0.0,A
cfd01b6c-75c4-4d5b-bd2e-79a4b0adb2e3,saree,none,0.0,A
c376b671-a54b-4ae8-8c7a-8580ebca1529,saree,none,0.0,A
225ec725-d2d8-41be-9b3e-7caee9789909,saree,none,0.0,A
f711b820-1062-4203-8c22-a1c0737bbf3f,saree,none,0.0,A
4546513b-8eef-4148-81a7-3746f25b1b7a,saree,none,0.0,A
31af6247-c38f-40f6-a5da-bc281b5de579,saree,none,0.0,A
7e4ea264-1e00-4d62-9362-9bfffc88597a,saree,none,0.0,A
867bc2ea-14d2-4883-a4b6-2ee619a30107,saree,none,0.0,A
ca888949-ac9c-46cd-b81d-735e6702d9a3,saree,none,0.0,A
21ebbb73-84c7-4f14-bfb8-3cffbcea923d,saree,none,0.0,A
460754ae-5a11-4ffd-89e3-2541beb1e679,saree,stain,0.477,C
0d051026-f00b-42ca-a028-abaaafdcef96,saree,stain,0.548,C
ce875928-1be6-4484-b297-122400ef8d18,saree,stain,0.366,B
b8c9a923-3539-4900-9f2c-c1fbce9e44b4,saree,stain,0.102,B
8dc81ab7-e50d-4205-be9c-028a74d04337,saree,stain,0.802,D
baeaf337-42a2-4c43-9109-1c1c93240dd6,saree,stain,0.99,D
86e8fb9e-8125-4561-a997-7e996d186286,saree,stain,0.424,C
377357a1-a1af-44cf-80d3-2d52c3dc4f3c,saree,stain,0.697,C
b6ceddbc-103b-40e6-9ee5-3119adf45d30,saree,stain,0.833,D
6b5ff7f2-d54f-4c32-9fc2-682e2bf8da00,saree,stain,0.721,D
7529ce5d-7c65-4f7b-9326-0bd4985c06c5,saree,stain,0.727,D
9f5ba77b-80e4-4bdc-838a-02bf063fdd38,saree,stain,0.534,C
572f9186-89f9-4272-b440-20ea1c36a151,saree,stain,0.876,D
1b8d12b3-9320-4090-a88a-f263f169548f,saree,stain,0.157,B
b5bce664-d534-49c5-9f06-452263fb2ceb,saree,stain,0.302,B
2253b178-b154-408a-aec8-be16f79ce00f,saree,stain,0.696,C
8642fbfb-70dd-4247-adbf-603bfaf10967,saree,stain,0.903,D
97a3b207-09c2-4a5c-a101-398855c8e135,saree,stain,0.882,D
3a58ec61-ded4-46dc-8f1e-481547477fba,saree,stain,0.556,C
1075411d-4759-495c-b2b4-5f73f27a8ecf,saree,stain,0.503,C
edc05c91-c3c7-4a4e-a957-981076970224,saree,stain,0.463,C
d74e09a5-bb45-4398-bb74-2a0c29a45273,saree,stain,0.674,C
8a544f4a-c183-4e01-9ea0-fcddf188dd64,saree,stain,0.835,D
0839e561-4443-4602-a264-a8f91466bac2,saree,stain,0.203,B
f98a1e02-8e96-4622-a3bc-0fbb5a545ce9,saree,stain,0.57,C
3691ed14-be74-4a13-9730-67a504513ee7,saree,stain,0.329,B
e3554be7-bb08-4190-a7f4-0c2de2dcbcf2,saree,stain,0.842,D
442b12b2-5514-4012-aca4-9046efa12ec6,saree,stain,0.211,B
4f51d5fa-76cc-48a9-922f-015ffce36769,saree,stain,0.104,B
3ecaa81b-d97a-4445-bc5b-bedc09d7fdbd,saree,stain,0.803,D
1de2a5d8-5165-4654-acf1-0d92748bf401,saree,stain,0.692,C
01d797cf-0c31-47c3-a5f9-fe8b8eeb4d67,saree,stain,0.967,D
c58c35ba-0a86-43fc-bdc0-ecbee504b888,saree,stain,0.859,D
711300fd-11dd-4cf1-ada4-4c3de07bf155,saree,stain,0.662,C
691d6e98-9151-4b89-844b-3cd8723ca239,saree,stain,0.588,C
c45b94ca-1862-4173-8d46-b6bddf5e002a,saree,stain,0.614,C
3b6a3d36-bf74-4d07-b624-a7f4d0de4c0d,saree,stain,0.827,D
1346f81a-5397-4aea-9a06-052a1d1fa193,saree,stain,0.775,D
ff0fa0d5-96fa-4108-9f30-0d0ecb4fe111,saree,stain,0.722,D
625c9678-b777-44f3-8513-178781aa1afe,saree,stain,0.654,C
77590cce-fe44-4c92-97aa-a33fce060797,saree,dirt,0.724,D
f4bb7f59-e2c4-408c-b184-43a72228ec4c,saree,dirt,0.769,D
0bfd9b2f-4f88-43b9-850f-ad8381259a62,saree,dirt,0.78,D
11b9be9d-3eda-46d2-b69c-4d1425643da3,saree,dirt,0.985,D
4b218c94-b76d-46dd-9f68-e4bd7d7f0003,saree,dirt,0.137,B
9ee2291a-3e32-4280-9bdf-0d11424ddf4f,saree,dirt,0.398,B
a430ba29-fad2-4587-8939-6faaa05487e9,saree,dirt,0.859,D
2930fda5-97cb-4819-b51f-afa20f4661b5,saree,dirt,0.573,C
cefbd598-716b-4b94-ae2c-80ae550d0fa4,saree,dirt,0.583,C
e53008bc-2c62-4637-a16c-c5458f3791f2,saree,dirt,0.364,B
216fd624-c689-49a5-9adf-e1ab13fd1ab1,saree,dirt,0.501,C
62fdcd7b-76a8-4439-8c50-4601d7785bfc,saree,dirt,0.447,C
6df7bcc3-97a1-4804-85e3-46276634042a,saree,dirt,0.501,C
2c71701d-f993-4d1a-bf63-677a8abeb7ac,saree,dirt,0.953,D
905161fa-e3a0-48e4-8371-51b922c5c5fb,saree,dirt,0.29,B
0ca57708-c9c8-41af-9db8-cf732fbb6437,saree,dirt,0.846,D
1b1e69e3-fa84-4323-ab43-8fd0e01c4721,saree,dirt,0.745,D
a8aad73e-b753-4384-bdbe-a1fac7156516,saree,dirt,0.617,C
86157841-b6aa-41c2-9c85-76f8a0a704b8,saree,dirt,0.385,B
587e841e-bdb5-4926-98d6-013801bfb0f7,saree,dirt,0.731,D
d58fb80f-31e7-4771-8797-a220e977d3f1,saree,dirt,0.178,B
16b0f51b-31dc-40e5-9312-b50646a3b0e5,saree,dirt,0.58,C
1f8256a7-011a-43f0-a172-bd86fcb54837,saree,dirt,0.368,B
2f5a2b65-8f4d-4873-a407-bfdecfae8a87,saree,dirt,0.138,B
abffa62c-92ce-4d01-9139-6d01c340a84a,saree,dirt,0.291,B
af2d71c7-f49d-4b4f-8030-60f5195e69b3,saree,dirt,0.263,B
8d6cd315-45d4-4a39-b438-27b60d56d2fe,saree,dirt,0.166,B
963d0490-75ab-426b-a33c-de9de378736a,saree,dirt,0.421,C
d06985ff-95e6-4644-b972-5084b8d77f53,saree,dirt,0.506,C
97787e69-f221-4f07-9ef4-7acad1923f83,saree,dirt,0.963,D
911c1c94-a0cb-46b8-954b-a45eb5d2fdfc,saree,dirt,0.856,D
65c150dc-785f-4902-b41f-36c17ae71400,saree,dirt,0.423,C
db7cc5a5-0ace-48f0-86de-09a2fa32e9c9,saree,dirt,0.873,D
66818e11-1dc7-41fb-922d-5dfeb0769b9f,saree,dirt,0.755,D
9bfd4371-7176-4139-9572-052c5c29ada1,saree,dirt,0.596,C
c20de472-234d-4950-8596-f932b4f5960e,saree,dirt,0.76,D
ef80f9f8-88fa-4f37-b71c-4c1e39c64d89,saree,dirt,0.552,C
308590ac-d6e5-4723-a306-3dd4f6dd0036,saree,dirt,0.502,C
e19d160d-626b-44c4-936a-f0d3a40f6f8e,saree,dirt,0.136,B
c7888683-f089-46fd-a9a9-852e4f48026a,saree,dirt,0.566,C
6ac5034b-aefd-47a5-85c3-6a21f5e268ff,saree,tear,0.193,B
637a3aff-8bce-4694-b230-d927a621d6dd,saree,tear,0.439,C
db104199-bd4b-461b-860e-b85f913fc9d9,saree,tear,0.439,C
8d87e518-5920-4c7b-9a62-2714a4454769,saree,tear,0.898,D
a9a3fc9c-c0f9-43c5-9567-24cce4b89c54,saree,tear,0.563,C
6f37f1a9-27fc-43ba-bd48-a2b79068b92f,saree,tear,0.695,C
a5392020-6f69-43c9-bf56-256ef4bc2318,saree,tear,0.29,B
e2ab2f9a-18ca-4066-ac7b-bbfd56e4960c,saree,tear,0.616,C
f146469d-ca51-4541-b854-8dcef5aeff03,saree,tear,0.25,B
1b38ab47-cf5e-4ab4-8500-c96173ef1fcd,saree,tear,0.891,D
f680df98-4fba-41e6-8991-863e24407bc1,saree,tear,0.254,B
9ee26c48-8706-42f9-987a-c2115fcbe9ac,saree,tear,0.338,B
95324df5-5ac7-45fe-9a13-85e40515ab86,saree,tear,0.447,C
07c84dd9-1cdf-46df-a1d5-9df12d28c0a0,saree,tear,0.645,C
40b27352-954f-41ce-af23-e77877bbe665,saree,tear,0.777,D
9745b347-34d2-4237-abdc-d447984f166f,saree,tear,0.57,C
029204bd-92cb-46ee-8871-1777aa158286,saree,tear,0.811,D
54d7073b-1753-4756-9511-3588f8d579be,saree,tear,0.22,B
f6789d0c-d3bc-46b2-944e-ddc0352d90dc,saree,tear,0.889,D
458a7fde-a100-4429-b104-21029dcb6691,saree,tear,0.206,B
d7e47199-516f-4111-b3a9-0e8526cc3eea,saree,tear,0.196,B
55de517d-1ba4-44bd-a1a1-1856c0ce628e,saree,tear,0.429,C
bf124790-64ff-4cd4-99d3-2c8ce4ea2334,saree,tear,0.805,D
c943e230-7886-42a5-ab08-c78732624bf8,saree,tear,0.62,C
892d69f3-b2c3-4bbe-9f34-8a90f58cc6c4,saree,tear,0.805,D
cf4bab25-b0ad-45a7-abab-8f34724ab5f8,saree,tear,0.727,D
dc91fd4d-3e3e-4144-9808-9a9784571a85,saree,tear,0.525,C
7fa3fbfb-8dc9-4899-9e90-452da5a665a9,saree,tear,0.134,B
98ebcc47-bbb5-4f3e-b3e2-1476c952d5f7,saree,tear,0.152,B
2649a9e5-6c50-4282-8f0b-30d93a3aa3a1,saree,tear,0.357,B
68ed1bcb-4797-4fde-b09d-cbd46da23c3a,saree,tear,0.424,C
dbfca2e7-fe03-4f66-9966-10f4dd0563de,saree,tear,0.703,D
b84eecc4-8cd6-4307-b7b8-e38da5173568,saree,tear,0.356,B
73ec4fc4-c64d-48b3-a847-afb2e93bfad0,saree,tear,0.509,C
b006df3a-280a-4eaf-aa5a-84d4c7205a05,saree,tear,0.603,C
2e3beb53-363d-4c15-95ad-8a0e28432416,saree,tear,0.832,D
832976ff-66f9-4c33-9555-94b7dc769945,saree,tear,0.965,D
57cdf532-8edf-41c7-8c58-a4599c74a167,saree,tear,0.205,B
530e331c-6937-44c8-92ec-fc384d023396,saree,tear,0.471,C
cbc5811e-dbd6-418a-816e-2f046cbdc3a2,saree,tear,0.184,B
d5cfba1f-63e1-4bf5-bb60-780787bc45b8,saree,hole,0.297,B
c31c71f0-e3b0-4fc5-9f6d-e04dc2083dd2,saree,hole,0.311,B
374239b6-29a7-41be-ba5b-d354966159f8,saree,hole,0.42,C
3ebf5cbd-83aa-4cc5-9a94-d3824c0892ff,saree,hole,0.106,B
7ffb16c8-2ae0-4cac-9762-cd16863fb4cb,saree,hole,0.882,D
068b55d6-5ab3-4e1e-95ab-b09113422ff4,saree,hole,0.3,B
167703db-6055-4bb3-a0ed-318a24872983,saree,hole,0.552,C
758f35f9-ac28-4ed1-9268-5cd92a960d42,saree,hole,0.514,C
58e8a1c7-1c6e-4ea5-84d9-4a5676dec98e,saree,hole,0.425,C
69c6cc67-1bfc-4203-8407-7b977a440f96,saree,hole,0.409,C
ac0ee47f-e853-4aa6-898c-06df175d2032,saree,hole,0.352,B
003df47e-87aa-43ed-898b-cef2728a30b5,saree,hole,0.824,D
259650b4-2dc2-4d63-8463-30356efe4efd,saree,hole,0.526,C
28d59e28-9847-411e-bd91-c1da702d4f0f,saree,hole,0.749,D
5bec297a-7923-46b2-b2fc-545528d7cdbe,saree,hole,0.189,B
6e1d2378-5eb8-4e03-93a9-96ed96ab9388,saree,hole,0.505,C
32d64d0a-f878-4d09-a0cf-72a113870da9,saree,hole,0.118,B
738eacb0-88ff-49d5-8591-acf298dff95e,saree,hole,0.618,C
3b767957-5647-413e-ba0c-5f33a4fe147a,saree,hole,0.797,D
b48e2d4b-f03f-4c62-bb4d-ce98c9eb5488,saree,hole,0.881,D
f4ee3b07-09b4-47f1-bd2d-8a51b6c47d84,saree,hole,0.246,B
59bf43bb-e32f-4895-b6b0-89f1447f8464,saree,hole,0.344,B
c014d8e3-e54e-4631-9ab0-073c532ce5d8,saree,hole,0.473,C
2978c00d-32c6-48e3-94f9-6c0a8061f7a4,saree,hole,0.29,B
17062d55-1a17-4e78-b0fd-5986eb875d5c,saree,hole,0.124,B
fceaad4e-ecee-48cf-990c-fffa6e14a710,saree,hole,0.24,B
c8404f4d-6c87-4263-87fb-2302f4aae901,saree,hole,0.218,B
1f016cfa-f12d-4a18-92aa-671a0950d091,saree,hole,0.977,D
2ffcecd1-9777-4f75-8eb8-46a52643262c,saree,hole,0.491,C
c6f62a2b-9e07-49e3-82cb-b5c7349a3943,saree,hole,0.377,B
2c8a169f-cef8-4dd3-aa66-d832d709d47c,saree,hole,0.409,C
f3870334-5430-45b1-9c47-f8ba45f50193,saree,hole,0.108,B
628b279a-7971-4cc8-b04a-7a61316c6fbb,saree,hole,0.27,B
09ad40bc-2564-4ec4-8963-1b7865c3744d,saree,hole,0.299,B
e1cccaad-89bc-4e6d-8a9a-852a0f444a37,saree,hole,0.684,C
72f313e0-6295-4db9-8199-ccff860a70ba,saree,hole,0.199,B
ff44f919-8697-4fba-8ccd-41ce6590b87b,saree,hole,0.389,B
bf347b20-b267-4a9b-8062-538678157473,saree,hole,0.342,B
83547ea2-134d-4fc8-b548-0207ba998e07,saree,hole,0.295,B
981f23fa-22f8-4f31-8626-a44cf158e6ad,saree,hole,0.397,B
80bac2d3-ad9c-4c89-8acd-0d9e3e552127,saree,fade,0.263,B
463ccacc-fd08-41c4-8ac9-a4cbfe3774a2,saree,fade,0.836,D
ebc9ef72-61b8-4a04-8fa1-a15949703741,saree,fade,0.21,B
483fcb15-d224-41f0-a806-33339ca57a52,saree,fade,0.446,C
29707659-aecc-4388-b855-00ed5a56d584,saree,fade,0.322,B
24213275-445f-405a-ba09-e8846d5b1adb,saree,fade,0.279,B
242b25ca-d627-4599-aa48-6bf7f327b80a,saree,fade,0.569,C
cfbce2fb-e354-4cbd-b8cb-6570aaf91776,saree,fade,0.526,C
00f43c51-3ea1-4d95-a16a-d9ca2f8363d1,saree,fade,0.943,D
bb89db7d-2737-4812-b4d9-af285807e7f9,saree,fade,0.666,C
db2e2b8b-635c-40a5-bae9-586f07cca1c4,saree,fade,0.77,D
df743d27-4008-4150-b4f8-5482fa47b167,saree,fade,0.569,C
23ea3e00-815b-4079-b062-d520fa821590,saree,fade,0.533,C
4ac033ec-c146-4cfd-b20d-752f67a46bf8,saree,fade,0.279,B
489d14b3-18e0-40ef-bd11-72882afa3167,saree,fade,0.877,D
f0bc4c3b-3fe0-49d2-a123-623a10f3823e,saree,fade,0.976,D
fd331e91-6255-4e6b-91a3-8001e9a44386,saree,fade,0.67,C
3a20ba34-0359-4193-a88e-605d30d385d1,saree,fade,0.114,B
f6e680b8-ca67-4948-968f-26a47b971037,saree,fade,0.626,C
8aa41e24-2a3e-433e-baa1-09bd5e7298ac,saree,fade,0.81,D
96b5fd80-8ee4-4e94-8bf9-362ec302c5be,saree,fade,0.972,D
7ab3e894-1ed5-4c7f-9c32-5abab296ce24,saree,fade,0.805,D
9b64d3d4-fe86-4efd-b9ff-f050ac6d3385,saree,fade,0.72,D
539612c6-4251-4695-afe3-1225f466671a,saree,fade,0.434,C
c07749fc-438e-4423-8ae7-939094acf060,saree,fade,0.324,B
4afa6ee4-f267-4ca7-b811-03afa1f12b8d,saree,fade,0.182,B
26d1c9b4-2416-4d30-8f3a-f8e484ba2183,saree,fade,0.405,C
c95944d7-928c-49a7-97b6-48c20d87a8b9,saree,fade,0.154,B
bfd5afab-7c2d-4919-a934-acf3bdd902ab,saree,fade,0.731,D
25793da0-ef4d-412d-bf53-f04828b1b87e,saree,fade,0.213,B
f1bcc0ff-1f0a-4fde-a158-3869fc59ca0b,saree,fade,0.385,B
20f7c26b-4ee0-4995-b8cc-da1e2d363eb6,saree,fade,0.81,D
8abad334-5e88-4145-80b1-e6f00bf8c675,saree,fade,0.825,D
7063ce37-8cc8-47b7-8c85-388408d91c8b,saree,fade,0.76,D
33f305e5-8b36-46c6-b511-20e4b844ddde,saree,fade,0.72,D
1fa16d80-168f-40f2-8c63-e6e4dfc63304,saree,fade,0.752,D
eca51d9a-c3a6-4fab-a59a-2131ab421ba9,saree,fade,0.909,D
14e3383b-bae0-4842-b2df-5b493fe31363,saree,fade,0.736,D
273f63b0-db13-48f1-ae2b-2c4a94ba19df,saree,fade,0.365,B
1b3c1dc9-4df8-4cc4-bf51-3c3f77686fa9,saree,fade,0.271,B
9a7c68e6-eb03-49f0-b16e-49f0765f0d38,blanket,none,0.0,A
56371ed0-dcbf-4af7-a066-ecd238ceed78,blanket,none,0.0,A
400e3232-37a1-4c0c-8c3d-49a7a9213f44,blanket,none,0.0,A
e22c057d-f9b7-4d7c-b945-2c10769d22c6,blanket,none,0.0,A
96481a9d-d35f-4707-9f80-689c6655c8df,blanket,none,0.0,A
4ddb563a-be29-436d-a3f0-9fd62646a5b2,blanket,none,0.0,A
7623d2f0-2681-4634-860f-395fbd119fb3,blanket,none,0.0,A
167847db-967a-4b46-9178-3aad3cd6e4d1,blanket,none,0.0,A
7f6126a1-296d-442b-9119-9f59a1678335,blanket,none,0.0,A
f9235a3c-3af1-4112-89b1-93b4ebb1f15c,blanket,none,0.0,A
f997232d-9661-4f37-be8e-8cd29d578487,blanket,none,0.0,A
025bd0e5-8401-4ebd-92d7-73a3896cb4d7,blanket,none,0.0,A
d09dfdd8-2595-430a-aab3-1c224abe76a5,blanket,none,0.0,A
aff57181-ae7f-48cb-8be4-0c1dc6bba277,blanket,none,0.0,A
4b7e0b87-5d76-4079-b28f-761a54ffab1b,blanket,none,0.0,A
958d60cd-2fb9-4eff-9055-41acdd894b25,blanket,none,0.0,A
1a79d094-97b8-4e1e-81dc-e8b2d3c78928,blanket,none,0.0,A
6a4ad2bf-4f78-4638-aa3f-6add15242db4,blanket,none,0.0,A
720839ef-a7c3-4bbe-b08a-54d808b472ee,blanket,none,0.0,A
ec439d11-2714-4cdc-8b21-5bad7502567b,blanket,none,0.0,A
93c0e5cb-ec09-4a5b-b582-f060510e52ca,blanket,stain,0.76,D
58be2e74-f155-4b11-aef9-59408c171925,blanket,stain,0.692,C
9b7cbb78-276d-46b6-ba84-b7eb36ee8e88,blanket,stain,0.355,B
da8f792a-1fa9-4b86-97fb-840e489261aa,blanket,stain,0.852,D
ad11d181-8dc5-4b4f-a734-6414108e4ebe,blanket,stain,0.189,B
4762e7a6-6aff-4795-89dd-0d7e7486c004,blanket,stain,0.43,C
2b91640b-9e86-4017-b4b6-358ac935fc0b,blanket,stain,0.521,C
f3e47c22-042a-4e68-af66-87889c6abf00,blanket,stain,0.841,D
5e1b0e3d-68cc-4fcb-93bf-4622fa4a9e7b,blanket,stain,0.965,D
af1c4201-620f-4b43-bb4e-651c8603b5d3,blanket,stain,0.574,C
5a35dc83-1676-411f-be37-b84e837387c7,blanket,stain,0.771,D
c307f406-a46a-40f9-8188-308fe254929d,blanket,stain,0.813,D
a11b5d6e-31bb-4585-92c8-4977f2c830aa,blanket,stain,0.912,D
dfa0fa24-df58-4aed-94c6-ce4e482a4893,blanket,stain,0.648,C
f97b6081-7ea2-48cd-a76e-569b849b9984,blanket,stain,0.503,C
c2c42d59-50f8-4daa-9866-336459044a6b,blanket,stain,0.566,C
f49a76ec-e645-418e-9907-75d21d361653,blanket,stain,0.794,D
5d3ca6b6-2562-467b-8e7f-cf86dde62898,blanket,stain,0.239,B
84868992-3b8c-4c08-9c08-3a1b9182d562,blanket,stain,0.325,B
34bf065d-e6f3-46a3-8668-9e2053616b54,blanket,stain,0.761,D
cd1b939d-9bee-4c40-a754-2f40b01fb3ee,blanket,stain,0.758,D
5acdc768-24f4-4b82-9ea7-3274907f3ad0,blanket,stain,0.475,C
5a583f8b-b790-4f4b-b026-fb3290fb611b,blanket,stain,0.374,B
cb3fa01d-1350-4b58-aa56-fafbdb93fa6e,blanket,stain,0.238,B
424424bd-f5b2-4ab9-854b-419c9a22a4d5,blanket,stain,0.3,B
f516a611-d700-48da-b4a8-7bb35ce1ff52,blanket,stain,0.614,C
5f4c9bcd-518e-42c2-b4db-b2e96df6a0d6,blanket,stain,0.796,D
54530576-724d-4e78-85de-3d3c304af5e5,blanket,stain,0.687,C
b855f8ea-830a-46a3-959f-5a08fe0c8699,blanket,stain,0.164,B
dd70267f-873f-4d46-bf10-a1d015e7f279,blanket,stain,0.481,C
1cd0f31e-087c-4822-b60b-3e745b2ad3e4,blanket,stain,0.989,D
78c526ca-d7e2-4c5e-9d42-2895dabb8f67,blanket,stain,0.24,B
37d57c35-1e53-4b6a-8d00-b2c32d8441f1,blanket,stain,0.112,B
e8fbc680-ca91-4969-b2df-0b8848637d6c,blanket,stain,0.291,B
496717c7-dfc7-48f3-9da4-5f990666a80c,blanket,stain,0.625,C
e1f52434-7d07-4651-84a3-800d249ad851,blanket,stain,0.148,B
d76c53eb-c5a8-400c-a19a-45f60236e12c,blanket,stain,0.878,D
5437729a-d7e9-411d-8b82-a5fb3a512923,blanket,stain,0.558,C
42d92ca7-fcad-469c-bf52-0d89b0e8065d,blanket,stain,0.279,B
3c48e2e3-8e51-4389-875e-93a9d4e98999,blanket,stain,0.374,B
618e4f47-d660-464e-b8e3-d1e00bbfd220,blanket,dirt,0.663,C
9d963e64-1fd4-43ac-8a8a-e501ab08b0b8,blanket,dirt,0.891,D
84428874-4b42-45af-aeaf-593dea8bad01,blanket,dirt,0.907,D
6409cfb3-d118-438f-938b-741b569cdb72,blanket,dirt,0.616,C
950c2621-80d2-43f6-8b6b-d92896139743,blanket,dirt,0.219,B
2be44c4b-61c1-41c6-9d47-7eb1e45a36f3,blanket,dirt,0.72,D
cf587f46-b543-4745-a5b3-fa173a79cef2,blanket,dirt,0.386,B
df430718-8f1e-49e4-8ce8-59f3784a5c86,blanket,dirt,0.892,D
89233c4a-0155-43b4-90d4-549b04ea1298,blanket,dirt,0.237,B
02aebedb-ffcb-49dc-b6ae-df17fa8f6d86,blanket,dirt,0.645,C
7d369800-59c1-4e59-a69b-66c00fea2e67,blanket,dirt,0.719,D
6d980ca7-9c6f-4803-ad1d-d872bb3b1719,blanket,dirt,0.867,D
e1f94d8f-265b-4d22-9e4d-50c9aa2bb2c7,blanket,dirt,0.788,D
c7b2cfce-ccf3-43ae-8bbd-8a6c7306b596,blanket,dirt,0.782,D
06c7bd2a-0e20-44e8-9305-6718faf52fe0,blanket,dirt,0.88,D
b238d778-e9dd-4f7e-a991-0569736818d1,blanket,dirt,0.65,C
74c7910a-105f-4c28-91a3-36fe804d3238,blanket,dirt,0.584,C
94452aca-22a5-4a2f-830e-68307dded408,blanket,dirt,0.496,C
40adbacd-f397-45e6-aa4d-dd2e52ec7a24,blanket,dirt,0.652,C
e4b3c095-7e82-46f5-92e3-937adeae1234,blanket,dirt,0.75,D
3d7f524d-73d0-4196-ad54-ebdd18db6c14,blanket,dirt,0.472,C
b71b9936-c26e-4cf8-86ed-a8ab5da4b3de,blanket,dirt,0.325,B
7372f0f5-d395-41ca-94fa-989d08525e8f,blanket,dirt,0.177,B
41609bdc-9407-41e0-a256-62ee2516f9d1,blanket,dirt,0.595,C
af385447-2dd9-4677-9af9-c28ddb11713d,blanket,dirt,0.261,B
721f8205-5b91-4d0f-89ce-9ddac6d5cfe0,blanket,dirt,0.206,B
1fb9de24-2183-43cd-a072-3ed2272f851d,blanket,dirt,0.548,C
f1dfec5d-db4b-4ff9-bc5f-e7c409e733a8,blanket,dirt,0.63,C
34f9137e-568d-4272-ba47-52008510e9bb,blanket,dirt,0.35,B
07197130-07ba-4e7a-b5f6-6e17d0ef0760,blanket,dirt,0.231,B
a701b3b5-41a4-4b93-8227-b34c1cbc7a5b,blanket,dirt,0.144,B
64816dbc-c2d3-46a9-bd2c-619da8e13b11,blanket,dirt,0.615,C
3a97c7da-40f1-4baf-aac2-2b0a57258bd8,blanket,dirt,0.792,D
7cd69797-7d9c-49a1-aaa7-717a3fce87e2,blanket,dirt,0.158,B
e19929af-81f7-4ed5-96a2-c94bfcc802bd,blanket,dirt,0.472,C
83f701b8-d17a-49ff-924f-ca542811646e,blanket,dirt,0.988,D
1fd2dcaf-238b-44ea-adeb-2e61b630df1f,blanket,dirt,0.484,C
bc34dcb1-df44-4654-becc-c6872163ee8f,blanket,dirt,0.653,C
38ba87f5-b8d9-4640-8b12-2cb044808d4d,blanket,dirt,0.309,B
8e4a5933-ac9a-4e19-b86d-b29818cfd0af,blanket,dirt,0.764,D
e3edf515-478d-4494-a00f-e576a6c50533,blanket,tear,0.415,C
270fc7d4-f790-41d0-9732-6fe257048290,blanket,tear,0.377,B
6467dfba-93a2-42dc-bb47-cbcb0f49a14d,blanket,tear,0.752,D
1b4dadd7-7aba-4c08-8e7f-14d77a1b15a0,blanket,tear,0.818,D
b2063c93-137d-4893-9015-fc3f25e582e9,blanket,tear,0.806,D
3ec186a3-1ece-4924-a993-33b795a5a43c,blanket,tear,0.752,D
e9cad73c-98eb-4eaf-b3f2-33ab1f18a795,blanket,tear,0.973,D
f45de9e4-7973-495a-a20c-d6b7c74417a8,blanket,tear,0.858,D
b0287489-29d2-4da2-8b43-fbe512f9e2b8,blanket,tear,0.344,B
ae78d7bd-0948-4e43-b59f-afd79b97c829,blanket,tear,0.573,C
e723ad5d-ab6c-4839-8d05-5ed7cd194d6d,blanket,tear,0.555,C
2fd16b34-8d25-4de6-9010-84e6deb9f41e,blanket,tear,0.379,B
c4c7a399-b720-4f69-b4f5-e30a94a19e68,blanket,tear,0.752,D
86d0ba0c-9a57-4acb-9604-6781d18f4320,blanket,tear,0.939,D
0a7b6e47-248b-498c-805b-0965d67778ff,blanket,tear,0.12,B
69740a95-0d6d-45e0-bbc5-69ad003990a9,blanket,tear,0.349,B
028f3caa-24c6-4043-bf07-333bdc4b61b0,blanket,tear,0.346,B
3356fa48-1557-443b-bfa9-7b04d8a4c62e,blanket,tear,0.415,C
26e3ff15-9254-4199-ada3-b61e3eb9d417,blanket,tear,0.254,B
a4022412-c8df-45cb-ac7d-518e6a0920cb,blanket,tear,0.126,B
a72591c6-838a-4018-8f3a-90da67670f38,blanket,tear,0.734,D
032e04bd-0232-42a2-a013-bd5a7d4e5fd1,blanket,tear,0.976,D
d91aa653-73e5-4190-bdc8-030a34e3ae31,blanket,tear,0.379,B
907e6a91-e2db-461e-b602-1e9353769929,blanket,tear,0.922,D
8f6a9eb7-54ca-45f8-9041-47ede7c9224e,blanket,tear,0.539,C
c320c601-5ea1-48fc-a812-f33b968cc26d,blanket,tear,0.791,D
f14a0030-8f61-4d35-97a4-6cc0e1c48ba7,blanket,tear,0.685,C
63722d3c-6075-41f4-964a-33471a7596f9,blanket,tear,0.319,B
a4cf7a55-6cc8-4a62-a55e-366d807393f1,blanket,tear,0.488,C
9ed4b030-697a-410a-9bf6-04605f100e43,blanket,tear,0.765,D
061d1339-c204-41ec-a10d-5c9363f2e03e,blanket,tear,0.84,D
928ef10d-b30c-43a7-957e-d9275292d12f,blanket,tear,0.545,C
701ba657-a991-428f-ab1e-288d3b576c12,blanket,tear,0.781,D
000620c8-d8c1-4051-bfc8-fbfbedcdf14b,blanket,tear,0.713,D
8a578850-f0a8-44cd-bf3f-17b638e2f02e,blanket,tear,0.991,D
9f1dee4e-d828-483d-ac01-cc5703e6e4c9,blanket,tear,0.432,C
e2a99943-4afc-4e85-887c-31be640ae168,blanket,tear,0.879,D
ac38b973-e15a-4063-9db8-dac1b32b1ceb,blanket,tear,0.443,C
22d4d1d1-6c6b-403a-a67d-4238df1ccae1,blanket,tear,0.859,D
5f30c039-d6b6-45f8-9032-b394b61e96d0,blanket,tear,0.221,B
97a85299-77e2-4dd0-b237-c31e57fd43a9,blanket,hole,0.176,B
5c6e145a-f034-42d5-86db-e3e2311f9f49,blanket,hole,0.262,B
1a0b0497-ead5-4c92-a53e-abd81423b2b7,blanket,hole,0.482,C
87f6a564-beba-49da-8072-7cbb5b5a55bd,blanket,hole,0.47,C
50f9de91-0287-4eed-8cc1-b4857465c34a,blanket,hole,0.622,C
7e93da3a-2ae4-4c5e-9140-24f45c7822a8,blanket,hole,0.17,B
5a232c54-b096-4b2e-b590-4bb37ab2a809,blanket,hole,0.716,D
20723da3-7077-459c-ad04-024e3f9f739c,blanket,hole,0.509,C
5950e114-dcc3-41e2-aa5c-2c0a51fdeaf6,blanket,hole,0.251,B
ac20d284-6063-4185-838f-215cc94f284c,blanket,hole,0.62,C
32ad263e-478d-4199-b1c3-b90478f0ff2e,blanket,hole,0.174,B
25e4dd02-0212-4a49-9408-fe9dfb709c94,blanket,hole,0.348,B
f25031a1-e32a-44ff-8f1a-37ced7ee6564,blanket,hole,0.693,C
0191be0a-acc7-42bf-b34b-4b8d5305b124,blanket,hole,0.819,D
63d66c26-073f-4848-819e-99fdebdf1359,blanket,hole,0.777,D
4a12e8eb-6330-442a-b81a-69ea4b8efdf6,blanket,hole,0.62,C
82c3ac38-2ca5-4a28-84f9-ed7db03ed455,blanket,hole,0.518,C
4390b5d9-e64e-4e0c-9976-2ce321a7272f,blanket,hole,0.715,D
17e63f62-35d5-423c-ae72-ad855bc66aa3,blanket,hole,0.935,D
58970ae9-78e7-4621-b3d2-239dbcc8f55a,blanket,hole,0.926,D
9ca14049-f55f-4721-86b9-565fd558681e,blanket,hole,0.401,C
7dc8e63d-30de-4353-ac3c-d2c5402a92e3,blanket,hole,0.796,D
cbd8b2db-3301-466f-bca7-da3a9f1e28ac,blanket,hole,0.71,D
efb60946-8f2b-4873-a442-a92b5af69eee,blanket,hole,0.47,C
0074fe9e-9eb9-49db-ae79-1ba4f8875275,blanket,hole,0.131,B
4c984d7b-4cad-45b1-9fec-b1759d74dcf9,blanket,hole,0.737,D
c6bb8d1c-8653-45bb-bb50-61f070b66a89,blanket,hole,0.906,D
5b2687e2-7bdb-40c0-8a7f-198aadb1ff20,blanket,hole,0.792,D
6a6398e1-3c09-43bf-911a-a5e27d19e15d,blanket,hole,0.45,C
50c4a24b-7b4b-41f7-a45e-32fb40a3bd1d,blanket,hole,0.543,C
65602683-7040-4322-9ac8-deb142e61710,blanket,hole,0.587,C
67c9d31d-928b-4bc2-ab0a-2477a773b070,blanket,hole,0.131,B
fe04df60-7ef2-479c-9213-77c10f0257b4,blanket,hole,0.234,B
17d2046e-9821-417d-bea5-ca708e8b3555,blanket,hole,0.914,D
46080662-44bc-496b-8264-0915a9e80ea3,blanket,hole,0.464,C
25cd93b9-e0a9-4f30-995f-b88aa5de204d,blanket,hole,0.582,C
7238604b-ba69-4d77-ba80-89717eb6e26c,blanket,hole,0.581,C
bb1a07c0-9974-4186-905f-c5d173b67a50,blanket,hole,0.599,C
1409e244-4492-4b74-924b-d3b5e19a67bc,blanket,hole,0.538,C
0d78acf3-8102-42b4-831c-ede7c7249aa3,blanket,hole,0.315,B
7709f816-8e9a-4a9d-b8dc-de26464d3f70,blanket,fade,0.968,D
1339eb5e-a789-468f-bbf7-7bdd774d5683,blanket,fade,0.97,D
79b09f96-41d5-471b-87ef-438a12cc8faf,blanket,fade,0.133,B
38d6a42a-0185-4ca1-a101-beb777673f34,blanket,fade,0.404,C
cca6b7a1-cd5e-4b29-b87a-5d2903d47dd5,blanket,fade,0.465,C
96293586-5abb-4357-b92e-e25f95cc570b,blanket,fade,0.826,D
b94a3830-25a6-45fb-b606-1d42fb8409a7,blanket,fade,0.513,C
f630f3a3-c3b0-4853-ac1e-18236e8e6a9b,blanket,fade,0.234,B
618dca76-195c-421a-9159-7f413e660eb2,blanket,fade,0.31,B
2736241d-067e-47f1-8b6b-eaa65070d6d7,blanket,fade,0.133,B
518d1c66-f515-478e-ba0f-28cb5315a945,blanket,fade,0.54,C
400b4f89-84c9-439b-a920-35199d4cd901,blanket,fade,0.524,C
b5adb482-cd80-4128-b9c9-a9cdfac71b22,blanket,fade,0.141,B
cbd076fe-71a6-45a7-bdfc-27cc99a8f144,blanket,fade,0.113,B
a30d89ce-bdb3-45d9-a64f-d38bf4ce2eb5,blanket,fade,0.914,D
19bba689-4678-46d3-838d-a0f018e18f53,blanket,fade,0.511,C
15af24fa-f72f-49d2-82e8-b34866cfb195,blanket,fade,0.852,D
dcfb4d56-449a-4956-b7f4-b761384cf344,blanket,fade,0.836,D
adec38b7-4a68-474f-ac02-b10666274e8a,blanket,fade,0.203,B
08134849-360d-432e-8878-4e5070446f0f,blanket,fade,0.819,D
327e1e5f-5217-457a-8daf-159d5f534980,blanket,fade,0.157,B
f054583e-c160-4951-97d2-63c57f0e3fde,blanket,fade,0.484,C
58f40eeb-bc67-4e38-b89d-90a70f5d5203,blanket,fade,0.392,B
364b5dcc-5549-4bc8-8eb2-e131e14c51b1,blanket,fade,0.591,C
fd9266eb-8865-47bd-ad1b-53fca02052c9,blanket,fade,0.853,D
bbd79871-b22b-426d-97f5-3fb43738809a,blanket,fade,0.788,D
62302660-5bd9-4d8c-b834-5ccdedf0d1df,blanket,fade,0.256,B
33d0923a-1952-4d11-83b2-ea063b008972,blanket,fade,0.209,B
8689a152-432c-43e4-88d6-fc6bcc50206a,blanket,fade,0.782,D
4817c0b7-d2e7-4fa8-8ad7-d7e5bd313755,blanket,fade,0.727,D
defd6fef-572d-435b-9f63-e6a9199b4e9a,blanket,fade,0.249,B
464e0911-c07d-4ad3-b267-dc6fc34437f2,blanket,fade,0.933,D
36b2f670-e4f7-4b1b-ba74-7b4742f56068,blanket,fade,0.22,B
1c36446d-72b4-4daf-9564-a392022092f6,blanket,fade,0.439,C
0cdcbcbc-0905-4e53-9b4d-307b1f0d58cf,blanket,fade,0.114,B
df43b152-c976-41df-8400-d2efdde36d7e,blanket,fade,0.173,B
9eda1800-b54a-4464-be61-0d935e710587,blanket,fade,0.261,B
5101aeee-e29f-46ab-a818-2faac2c4e861,blanket,fade,0.736,D
280933fa-2b53-4e54-84c5-6d6827c4ced7,blanket,fade,0.898,D
0a62b247-be71-4845-b0b2-54312fe7108f,blanket,fade,0.724,D
b552ff93-c437-4534-898a-8035f5fd5614,curtain,none,0.0,A
17d4568b-b9b0-4ed6-884c-56e10235a34c,curtain,none,0.0,A
5d832b19-4465-47a1-8506-e441e0466776,curtain,none,0.0,A
e9f07a8d-ed4e-4890-be46-e1267efc3433,curtain,none,0.0,A
b8d05336-e378-45a1-b39a-0149e61b2340,curtain,none,0.0,A
62b0f24e-f3d3-414c-8e08-ef970665c4d8,curtain,none,0.0,A
6b4015f3-1b76-4ae2-acc9-4010b5221efa,curtain,none,0.0,A
b6328126-e690-4653-92be-342e8ff25057,curtain,none,0.0,A
88963fa4-db6e-47ca-bcb8-c766f8b85a5f,curtain,none,0.0,A
6eb514e6-3f44-42ea-acd4-f55d47061572,curtain,none,0.0,A
5a24805a-ab6a-4ec8-a5eb-e279b238b46b,curtain,none,0.0,A
3e35550c-9450-416d-bd17-d60a9468fe9e,curtain,none,0.0,A
17124142-66ca-433c-a741-cba3b9d48b77,curtain,none,0.0,A
a31c36ea-f137-4f2e-b88d-f651b79f22db,curtain,none,0.0,A
832dc78b-e5f2-4911-8e54-6ffd3b80fd8e,curtain,none,0.0,A
f8614d08-e824-42f2-bfce-958c2d15043d,curtain,none,0.0,A
99ae4c77-9759-4e07-8324-bfb74e766782,curtain,none,0.0,A
c148c5de-4efa-4708-ba5f-276fdc17cbdf,curtain,none,0.0,A
07ef2147-b43f-4ff5-b5df-916af4b57cd9,curtain,none,0.0,A
09f5b560-d009-45c4-b8c5-0dc2bb52ccfe,curtain,none,0.0,A
3bd1aeeb-e89b-4706-9144-d0bb5e519ecf,curtain,stain,0.602,C
d747d939-f0dd-463d-a57f-051e0b963fdd,curtain,stain,0.876,D
8405ed1b-3cc7-4e87-aabe-150802c160dc,curtain,stain,0.274,B
94402590-25bf-4a97-8752-751685b88c4a,curtain,stain,0.244,B
e5fd8bb0-f55e-4adb-975e-baa8fb850c7d,curtain,stain,0.401,C
19eece2f-849f-4db8-b62e-c3a388260852,curtain,stain,0.807,D
343a92ff-a750-4462-ba38-be9b3d8a8afa,curtain,stain,0.622,C
b3108aa7-893f-4be1-9a3f-47ebd083f077,curtain,stain,0.394,B
26360d35-74de-47fa-a122-30357e63c28f,curtain,stain,0.166,B
0be8872c-ad3c-48cf-a091-b0170617afdb,curtain,stain,0.26,B
98692148-f2a3-43fe-8d2a-9af7db01c0cf,curtain,stain,0.282,B
793a0133-c3a2-4813-b264-7f061dd0ed7a,curtain,stain,0.866,D
4a8c24fa-8822-41fb-bf6b-9f21964cb2ca,curtain,stain,0.241,B
592d32d0-2223-446b-a22e-bed0e5c99a96,curtain,stain,0.871,D
bf2a0ea6-87a6-4845-a6b0-56d4895b6871,curtain,stain,0.351,B
555a1a19-f0a8-42c7-a60f-eab9a5e79b04,curtain,stain,0.3,B
39d7d594-9a29-42f5-b69a-2e0f1f22cfa8,curtain,stain,0.992,D
b61f3849-f58f-46d2-b051-e510a4b5e69d,curtain,stain,0.316,B
d05e5559-ec1a-4cd4-bf74-f455f4c8bcd5,curtain,stain,0.366,B
741add13-225a-413c-8dfd-e73e36034c30,curtain,stain,0.773,D
75ab7933-8b11-4a5b-9d45-6ed7a239ccde,curtain,stain,0.266,B
e0631e0e-5b06-4422-b548-07a19dac0407,curtain,stain,0.446,C
b51a7cc5-6ba7-4b1d-a8a7-ecee64468c7a,curtain,stain,0.618,C
849e5992-6ee7-4d13-99c6-2d2d5fc6c60b,curtain,stain,0.951,D
890f3567-701b-4a65-80da-2c5b3b7baa94,curtain,stain,0.137,B
3d80de40-1cfa-4091-9e55-de8e5539e3e7,curtain,stain,0.225,B
fa1811ef-2036-42f7-9099-b045e6dc49bd,curtain,stain,0.778,D
373a0bd1-42cd-4881-beee-cf15cc84bbf7,curtain,stain,0.149,B
21d22ed2-e96e-4ef2-90dc-857fe1996c68,curtain,stain,0.739,D
2ef690ab-fa7f-416b-9963-cb8e2fd6cf5d,curtain,stain,0.179,B
9fb8a2b4-b7b7-42c4-891d-329415efc212,curtain,stain,0.348,B
3369541c-6299-4adf-beb6-a123ba3ebe99,curtain,stain,0.364,B
8274de3d-8822-4fa0-a926-5b2414e58115,curtain,stain,0.157,B
983f1f89-aca0-491e-966d-2f640ab9b272,curtain,stain,0.409,C
ad9cd0a4-4dec-484a-8cb7-18f26d0abb62,curtain,stain,0.512,C
165cebb2-10ed-4590-8284-a58df1632c9b,curtain,stain,0.435,C
b456adef-8c95-4070-8172-8305ffec4059,curtain,stain,0.961,D
06d785fe-7fbe-4806-893d-f20cfe4e9a89,curtain,stain,0.245,B
d228be14-b5ce-45cb-a866-bad621f396de,curtain,stain,0.433,C
9ff229a3-f277-4855-9dd3-d4ed61085f08,curtain,stain,0.436,C
513cdc43-e04d-4977-8324-0fd619c5c0c1,curtain,dirt,0.792,D
361d9d46-def3-4d26-ab6d-c2c786d414c7,curtain,dirt,0.978,D
ae24bbfa-5af0-4971-b74d-d861bfd38134,curtain,dirt,0.7,D
bc991211-f8ff-4dd4-90af-fbc2b26be89d,curtain,dirt,0.71,D
f85260b2-cf90-4058-8b0a-008c1fa01fa6,curtain,dirt,0.183,B
f1c5febb-7c48-42e0-b99c-5b8b09e76d68,curtain,dirt,0.276,B
64c1953d-081a-4746-82c7-4058c92fc6a6,curtain,dirt,0.275,B
cd1c9dd3-d901-4d4b-bc13-57850c5b49ba,curtain,dirt,0.233,B
fc5e304d-ffb9-4150-a162-793f1a790073,curtain,dirt,0.377,B
d1950ea1-1aae-4e84-9ec7-56c685b96443,curtain,dirt,0.36,B
0e50f8a6-67ab-46bc-94dc-18db682b69be,curtain,dirt,0.229,B
0a8d4940-9544-4003-8320-2f4bcdb48b69,curtain,dirt,0.781,D
e923c64c-4355-42cf-aca8-54f386826828,curtain,dirt,0.6,C
8be584c9-d5fe-4893-a7a0-3ad6bb204be5,curtain,dirt,0.138,B
7a902f16-fef7-4142-a78d-7b75b690880b,curtain,dirt,0.124,B
ff7dd1fd-4bf4-452a-b6c4-4e69861694ed,curtain,dirt,0.212,B
59c4412f-1247-4bd2-9802-9ae6e11aa04a,curtain,dirt,0.207,B
962b7367-09b1-41b3-b998-f46c5db424ed,curtain,dirt,0.532,C
985baac9-ff06-4e8e-a507-843022931089,curtain,dirt,0.561,C
28f936dd-cae2-4e9c-a809-dd9935073e90,curtain,dirt,0.515,C
6814ee27-0add-4cfd-8eed-d5d3ecd208fd,curtain,dirt,0.144,B
c4d5eac4-e61c-49b4-8ad4-c297cca8e2a3,curtain,dirt,0.788,D
3a64e0a6-f074-4a94-9c4e-48b493920f2a,curtain,dirt,0.186,B
6cf67046-610a-44e2-999c-feaae8b67d28,curtain,dirt,0.801,D
8a58e512-2709-493e-8037-add6e5ac7c83,curtain,dirt,0.553,C
02b5fc51-f388-48e6-a407-1f9db990be5e,curtain,dirt,0.732,D
45ea36cd-c3cb-41f7-a44e-294d6b94c9cc,curtain,dirt,0.532,C
aa30681c-4f0b-4258-a101-3a530cb4ba14,curtain,dirt,0.255,B
835b3c1a-509b-4086-aacb-0b9b44c97a00,curtain,dirt,0.719,D
f1b668a3-943e-4c96-bf89-dbdb88cb46bb,curtain,dirt,0.17,B
0ad751cb-279a-4b40-b3d1-80b3d38d15a6,curtain,dirt,0.634,C
7632a260-8537-4101-8379-c5304bbb917c,curtain,dirt,0.779,D
b5cfeabe-4eb9-4d89-8dae-a622bb6d6d92,curtain,dirt,0.704,D
d7dfd578-3b3e-4ad7-9b51-38ff39c97829,curtain,dirt,0.417,C
60f19f33-745d-4487-8832-afe47a7fabdf,curtain,dirt,0.295,B
a692c9fe-37c4-4c75-bead-a6c3a652e796,curtain,dirt,0.932,D
96b4262a-748c-424a-bc50-c0dc7ebb845d,curtain,dirt,0.851,D
6c529c4b-980e-49d5-ac06-1de7cbec22a9,curtain,dirt,0.211,B
96e986df-4d7d-415b-a12a-d0ce12f973d8,curtain,dirt,0.75,D
e68ec9d8-051c-4b34-a35e-873613c61934,curtain,dirt,0.763,D
c11499cc-61a5-44e8-9c9d-abdb16d4112f,curtain,tear,0.905,D
d99dac4f-3dfc-4e46-9509-af397c343088,curtain,tear,0.705,D
8a5e8165-06df-4c5d-9488-40a36f568d5b,curtain,tear,0.455,C
751a64fc-1f0d-4afb-8b18-b50c59786c79,curtain,tear,0.978,D
4d1ea825-48b1-4937-b825-3a76ab5f7c4b,curtain,tear,0.854,D
4a00520f-b948-4287-a4f7-db975a8fbe2a,curtain,tear,0.42,C
813f6488-89ce-4a12-a210-9b6c9f323e64,curtain,tear,0.21,B
8739ac10-530b-4550-a789-2e1b3a62d233,curtain,tear,0.764,D
1f74a232-9eea-41e1-ad30-47f8fecc8f2e,curtain,tear,0.711,D
1f4a8c04-6c47-42bc-b039-0caa054c314d,curtain,tear,0.813,D
38a0d55a-b54d-4582-bf6d-66375afd0c57,curtain,tear,0.409,C
1da35bb8-1110-40ba-a34d-5df6ed38e8f3,curtain,tear,0.505,C
a12be17a-ed05-4119-8c39-2128821e1518,curtain,tear,0.896,D
993b4092-e325-42db-b8d7-a213f2b5e324,curtain,tear,0.612,C
63a1b336-04f7-44a1-9bb2-643b5088b9f1,curtain,tear,0.869,D
b106a9e3-5849-44fa-93de-3db7dcff295e,curtain,tear,0.388,B
9eaf2fb3-d741-47fd-a73d-8b02620a63ea,curtain,tear,0.124,B
f3b4d3da-a270-483f-a1ee-9b94bfd6aa83,curtain,tear,0.151,B
046633e2-6016-416f-8eb2-f819f6ddd87f,curtain,tear,0.882,D
3f0e6318-2e23-4a11-b901-76d39402b08f,curtain,tear,0.692,C
17db8dfd-5ab9-44a8-9762-f854b9a2968a,curtain,tear,0.629,C
12116062-1d8b-4b01-bb4e-5cf62a118b88,curtain,tear,0.19,B
79b5f4b7-10df-4d95-8f0f-9e755fa80e24,curtain,tear,0.653,C
6e578f2b-7543-4155-b526-e7b184d3a624,curtain,tear,0.339,B
91e7cbdf-8ae5-4a88-ad40-9700e59488e5,curtain,tear,0.185,B
7316a3bb-16f4-4368-bb07-4477a0cc1711,curtain,tear,0.289,B
3f2a6b1b-869f-4b5f-895a-0692442199d1,curtain,tear,0.382,B
efa30542-9aab-415e-975b-b42304abc68c,curtain,tear,0.893,D
0f267b72-a6cd-45ad-bd9c-10c6ca1dfd76,curtain,tear,0.828,D
dad0c71c-20cb-4ca5-931e-992b7a818b18,curtain,tear,0.428,C
237a52ba-ca54-4944-9c09-964082c16e94,curtain,tear,0.387,B
52b8efaf-9dd2-4e0b-b379-44e3b5b871c9,curtain,tear,0.331,B
5cbee996-5adf-4a2c-8ba4-dbed44cc60eb,curtain,tear,0.817,D
0a11c9b0-ecee-42e7-a113-99a04d302759,curtain,tear,0.282,B
f8707734-c9b0-46ca-b6bd-25e06b46c524,curtain,tear,0.258,B
ae6d61f2-14dc-49c5-abaf-a65e31025b8f,curtain,tear,0.383,B
48626d02-b98f-4a8f-8f52-b713b7a2757d,curtain,tear,0.457,C
f03531ba-287e-449c-9ef4-e4d5ebeffb38,curtain,tear,0.698,C
b4484f70-a8f5-44e1-8c4d-4182b1c10124,curtain,tear,0.849,D
074efd8e-80e8-4d99-a7a5-2bec389b679a,curtain,tear,0.23,B
de46349f-787e-4574-8264-65d211779f3a,curtain,hole,0.15,B
7a2f6650-5724-4e5a-a411-0bcc06139e09,curtain,hole,0.714,D
441fd5df-c13b-46d4-bd06-c8e6f6e6e23d,curtain,hole,0.839,D
e523627d-0953-44fb-8154-8ec6af30b0c7,curtain,hole,0.328,B
e66f7cc9-90c6-4f14-aa68-0219d84a8250,curtain,hole,0.88,D
3dc6d74f-6f75-4e03-b869-03187b1db046,curtain,hole,0.181,B
eb30e832-c514-404d-9f27-0cca1992691b,curtain,hole,0.892,D
b6cb5b86-33c7-41b2-9b87-5bc27ef59ca4,curtain,hole,0.524,C
a4a3aa50-b501-4e31-a5ee-90cbead28a12,curtain,hole,0.729,D
8c3505c4-8d59-4123-afec-42bc4fcb474f,curtain,hole,0.726,D
9bd1b5a2-607b-4acc-8a3d-772d1cbb1217,curtain,hole,0.461,C
8b1cab55-c867-4e3c-9113-94ea54944ca3,curtain,hole,0.742,D
4576b717-0e96-4e78-bd99-a293b7657969,curtain,hole,0.886,D
40e16872-3551-4320-81fe-c6137ebc5296,curtain,hole,0.176,B
127f87ca-3028-49af-8ed6-f9f4d2da1045,curtain,hole,0.953,D
4bd368f3-9891-47fb-a283-7195e605f2a4,curtain,hole,0.145,B
563a67b7-1ac8-4309-89a1-7e2bb9d8476a,curtain,hole,0.206,B
5d3ed3b9-0f6a-4ad5-a8de-d8f2443f3ea0,curtain,hole,0.742,D
a38d170d-32e3-4a4c-b323-c18c36d5d6a1,curtain,hole,0.444,C
6467ece7-adb2-4b92-afce-433f018f7ca5,curtain,hole,0.262,B
6e7553a2-0162-4df7-9d56-97d9d01ebe86,curtain,hole,0.917,D
3ae5794b-3c45-4a9e-954e-7a4d3f16e2e1,curtain,hole,0.22,B
a9b0010f-1399-4fe5-8336-683b85c25853,curtain,hole,0.762,D
b77203ca-23c6-4dfe-9547-9aed63247824,curtain,hole,0.524,C
7b6386f8-1a3b-4cdd-b8a6-4f4f8b0ba9b5,curtain,hole,0.554,C
b05c4bea-5cbe-43a7-b415-307dd7075f91,curtain,hole,0.137,B
a9a0e9b8-58ce-4017-a3a3-9458790e82eb,curtain,hole,0.181,B
030fa01c-0326-43b8-b150-b2cecca06645,curtain,hole,0.885,D
461c9b59-a5ba-4d7d-8e27-73c746ef9208,curtain,hole,0.847,D
0f5f31f8-b740-431a-ae18-bb5f1becaad1,curtain,hole,0.787,D
73f2f36e-4b2e-4b6a-b63c-3db78d633ca7,curtain,hole,0.234,B
e66be5d4-3bbc-47b3-8384-88c5d0571627,curtain,hole,0.204,B
b2eae387-4b65-4884-b945-c9d5b409eec9,curtain,hole,0.544,C
71ed5c30-9099-4c88-a680-fb1e8450ba9e,curtain,hole,0.775,D
f1e67a89-c36c-4246-a10c-8a24a166a6e5,curtain,hole,0.79,D
bf8e865c-18c1-42e4-9fe6-ff49bbc85916,curtain,hole,0.123,B
726efd49-7e3e-4b63-951a-e12c62d7bb18,curtain,hole,0.126,B
d0cad884-c980-4cda-a470-6be5572fbe01,curtain,hole,0.635,C
18fa2ccd-859b-4728-abd7-597cb3357b77,curtain,hole,0.216,B
98592ab9-2ebb-409f-b701-f1966198cf73,curtain,hole,0.957,D
62c25399-55de-419f-9225-af6d01d06032,curtain,fade,0.118,B
4b60b36e-43e3-4397-af17-39071d0975df,curtain,fade,0.247,B
dbbf41ae-e9b6-4966-8b45-c7d221f1c8d0,curtain,fade,0.356,B
9a802002-2645-45db-a8ef-82c3314020da,curtain,fade,0.209,B
e3b2c1c2-ad63-4269-8dc0-408547ce1886,curtain,fade,0.821,D
5a0f4b24-d654-4e54-b06d-2f7bed07e1fd,curtain,fade,0.913,D
04fcc455-ff80-4f52-b4a1-5f94204b4a2b,curtain,fade,0.218,B
052c20cb-d4ac-448b-96b7-aee07343a626,curtain,fade,0.849,D
dc5fa056-a9e1-4d23-b4db-7391ca92876e,curtain,fade,0.28,B
b763f86f-3862-4375-915f-24d5ccce4c43,curtain,fade,0.897,D
231b1cbc-ad63-4db2-9ce1-d0b2311001d8,curtain,fade,0.342,B
cc4bb0d7-b216-49fa-a447-301c6ecc5476,curtain,fade,0.481,C
6b34e7a8-f948-4aad-8d14-23776119faae,curtain,fade,0.83,D
ad168c19-de40-4c10-8e2e-85b99159b294,curtain,fade,0.268,B
aeb78d7e-5001-4399-9104-207cd5031727,curtain,fade,0.184,B
cf462a67-ba62-4ae3-9bdd-6cd9da5cdc14,curtain,fade,0.408,C
39fd94e1-d3d3-411b-b7e7-b4525a9ad28a,curtain,fade,0.709,D
35129c31-8d86-448d-97b6-e1d57697a8db,curtain,fade,0.938,D
c59e4c7a-2b65-4ab1-818c-635f5dea330d,curtain,fade,0.667,C
81f226ba-abf4-4ad1-b914-a88f1ad8ade7,curtain,fade,0.176,B
3588420d-69a9-4ea8-bf31-7563514a41fd,curtain,fade,0.494,C
378534c8-e617-4a7d-a79b-72ac2139e968,curtain,fade,0.37,B
81f364e2-1ca8-4dcf-bbb2-f840de026e96,curtain,fade,0.716,D
44a59bba-4e18-4d5c-9b51-fe5327a50b2d,curtain,fade,0.857,D
64bde7e2-7449-446e-b636-c25bb2464b43,curtain,fade,0.485,C
2442a64c-c43f-49f9-96e7-716f1aec1e93,curtain,fade,0.143,B
d154a2eb-37bb-401c-8433-15b685369b54,curtain,fade,0.926,D
0bf59b57-f35b-4559-90e9-51df651dbb3d,curtain,fade,0.197,B
870beaa0-9eb0-4501-a4a6-c4b298952cba,curtain,fade,0.472,C
54ad22b6-efbc-4928-8b72-c02551effc53,curtain,fade,0.695,C
4c50991f-cee2-40ad-a47b-391136440ab1,curtain,fade,0.832,D
dbef8935-2054-4d83-bb34-0926de3925f5,curtain,fade,0.329,B
1d26badb-fef1-4f93-a08a-93f1a5e9fa36,curtain,fade,0.792,D
407b0015-b779-4668-959a-3eccbffa5018,curtain,fade,0.203,B
6eca639d-4216-4576-86de-622cd80381fa,curtain,fade,0.262,B
dbdaa368-57d0-4507-896b-f986d14e9e83,curtain,fade,0.859,D
802e7028-b5fa-42db-ae1c-ec5c52f2fba8,curtain,fade,0.175,B
e1cfb188-6c88-40db-b5ab-87f6481383d2,curtain,fade,0.383,B
a49905bf-94d2-464f-b012-82e8ed6ae77b,curtain,fade,0.782,D
3ed5527f-4ee2-4d65-a639-2e86fce7a2e7,curtain,fade,0.661,C
